,DISTRITO,geometry,provDist,DEPARTAMENTO,PROVINCIA,Zona,Latitud,Longitud,cobertura_cell,no_cobertura_cell,Educ_sec_comp,Educ_sec_no_comp,esp_vid_nacer,Ing_fam_p_cap,NBI_2017,NBI_2017_c,Pobreza,No_Pobreza,Ing_fam_p_cap_N,w_NBI_2017_c,z_NBI_2017_c,z_w_NBI_2017_c,lisaNBI,CuadrantesNBI,SigNBI,SpotsNBI
140,CABANACONDE,POINT (-72.5728 -15.7131),CAYLLOMA+CABANACONDE,AREQUIPA,CAYLLOMA,X,-15.7131,-72.5728,24.390243902439025,75.60975609756098,66.02506216219282,33.974937837807175,76.02614636816648,562.293300296463,46.2,53.8,33.87431,66.12568999999999,25.73790509481103,46.325,-0.41572971341917964,-1.2093045692320434,0.3426707093766592,Q3,significativo,3 coldSpot
159,MADRIGAL,POINT (-72.4275 -16.7164),CAYLLOMA+MADRIGAL,AREQUIPA,CAYLLOMA,X,-16.7164,-72.4275,17.241379310344826,82.75862068965517,52.61372141049741,47.38627858950259,80.20245923530622,471.5735886039307,45.4,54.6,29.56721,70.43279,21.170526116179474,49.675,-0.3720070646206584,-0.9556385845691001,0.238521488774075,Q3,significativo,3 coldSpot
163,CHICHAS,POINT (-73.2214 -15.3211),CONDESUYOS+CHICHAS,AREQUIPA,CONDESUYOS,X,-15.3211,-73.2214,4.166666666666657,95.83333333333334,52.54005069321825,47.45994930678175,81.85356780733275,949.9314165757314,61.3,38.7,38.94611499999999,61.05388500000001,45.25395238573298,50.46249999999999,-1.2409947094912637,-0.8960081478759457,0.7422825429053331,Q3,significativo,3 coldSpot
244,CAYLLOMA,POINT (-71.5083 -16.4233),CAYLLOMA+CAYLLOMA,AREQUIPA,CAYLLOMA,X,-16.4233,-71.5083,12.048192771084345,87.95180722891565,52.06755821246457,47.93244178753543,80.24240151881062,943.1047516554017,42.1,57.9,40.761881,59.238119,44.91025678452836,48.050000000000004,-0.1916511383267593,-1.0786855174279901,0.13990269609324693,Q3,significativo,3 coldSpot
260,HUAYNACOTAS,POINT (-72.5247 -15.6547),LA UNION+HUAYNACOTAS,AREQUIPA,LA UNION,X,-15.6547,-72.5247,8.910891089108901,91.0891089108911,37.323812120690654,62.676187879309346,84.59383335617436,378.65237393471125,52.6,47.4,42.179079,57.820921,16.492310162545234,49.3875,-0.7655109038073478,-0.9774084265364418,0.5028545041701558,Q3,significativo,3 coldSpot
275,ANANEA,POINT (-69.5333 -14.6786),SAN ANTONIO DE PUTINA+ANANEA,PUNO,SAN ANTONIO DE PUTINA,ZG,-14.6786,-69.5333,26.829268292682926,73.17073170731707,75.07837960512437,24.92162039487563,61.62211917452258,1672.724317350423,80.5,19.5,15.526519,84.47348099999999,81.64371861527226,37.9875,-2.2903382806557686,-1.8406299862849675,2.9314845706089847,Q3,significativo,3 coldSpot
278,LEONCIO PRADO,POINT (-74.2328 -14.6222),LUCANAS+LEONCIO PRADO,AYACUCHO,LUCANAS,X,-14.6222,-74.2328,10.0,90.0,61.516094508417716,38.483905491582284,63.70465890565146,421.0636217937335,62.6,37.4,38.9161,61.0839,18.627548891977572,48.35,-1.3120440137888607,-1.0559691605925028,0.9362618267781128,Q3,significativo,3 coldSpot
282,CUYOCUYO,POINT (-69.54 -14.4717),SANDIA+CUYOCUYO,PUNO,SANDIA,X,-14.4717,-69.54,28.57142857142857,71.42857142857143,64.09442371915567,35.90557628084433,75.22040205504955,327.4727697114235,83.4,16.599999999999994,36.09379,63.90621,13.91561934085946,34.4625,-2.4488328825504078,-2.1075471791019456,3.6061221980876375,Q3,significativo,3 coldSpot
289,OTOCA,POINT (-74.2347 -13.6039),LUCANAS+OTOCA,AYACUCHO,LUCANAS,X,-13.6039,-74.2347,4.3859649122806985,95.6140350877193,50.55018200909108,49.44981799090892,68.47619201762099,752.8731521340686,69.3,30.700000000000003,43.895773999999996,56.104226000000004,35.332847503622155,47.425000000000004,-1.678221197476474,-1.1260112608352557,1.2824036170431354,Q3,significativo,3 coldSpot
292,ANTABAMBA,POINT (-73.5275 -13.7578),ANTABAMBA+ANTABAMBA,APURIMAC,ANTABAMBA,X,-13.7578,-73.5275,5.26315789473685,94.73684210526315,38.12162709530855,61.87837290469145,54.2987924038521,483.43716453104884,43.8,56.2,28.199999999999996,71.80000000000001,21.767810281770345,49.3875,-0.28456176702361624,-0.9774084265364418,0.18692505299500742,Q3,significativo,3 coldSpot
297,SINA,POINT (-69.2817 -14.49),SAN ANTONIO DE PUTINA+SINA,PUNO,SAN ANTONIO DE PUTINA,X,-14.49,-69.2817,5.0,95.0,74.70151078876437,25.298489211235633,66.648279967634,455.6274842024125,82.6,17.400000000000006,51.51997499999999,48.48002500000001,20.367702775190466,28.9,-2.405110233751886,-2.52874629542661,4.272912004212162,Q3,significativo,3 coldSpot
302,QUIACA,POINT (-69.3417 -14.4253),SANDIA+QUIACA,PUNO,SANDIA,X,-14.4253,-69.3417,14.285714285714292,85.71428571428571,81.73785056426463,18.262149435735367,70.20961310226646,490.38655715279214,91.7,8.299999999999997,45.41504,54.58496,22.117684737747265,30.037499999999994,-2.902455363835063,-2.4426134424253867,4.976053693440683,Q3,significativo,3 coldSpot
312,YANAHUAYA,POINT (-69.1844 -14.2822),SANDIA+YANAHUAYA,PUNO,SANDIA,X,-14.2822,-69.1844,31.578947368421055,68.42105263157895,45.910498742132894,54.089501257867106,74.08911939577227,420.00919391009995,47.9,52.1,31.63421,68.36579,18.574462614912306,24.5625,-0.5086403421160366,-2.857186954673033,1.0242266226895989,Q3,significativo,3 coldSpot
326,PATAMBUCO,POINT (-69.6222 -14.3594),SANDIA+PATAMBUCO,PUNO,SANDIA,X,-14.3594,-69.6222,8.333333333333343,91.66666666666666,52.059226252239974,47.940773747760026,73.91109969634066,126.37340048676761,87.4,12.599999999999994,51.650617,48.349383,3.79106080251518,27.174999999999997,-2.667446126543013,-2.659365347230663,4.990455921295818,Q3,significativo,3 coldSpot
330,SANDIA,POINT (-69.4667 -14.3231),SANDIA+SANDIA,PUNO,SANDIA,ZG,-14.3231,-69.4667,23.076923076923066,76.92307692307693,67.35653663762525,32.643463362374746,70.7162173228883,400.7331963961917,69.9,30.099999999999994,34.291382999999996,65.708617,17.603992314746815,27.125,-1.7110131840753653,-2.663151406703244,3.20576590970157,Q3,significativo,3 coldSpot
353,HUAC-HUAS,POINT (-73.9097 -12.4114),LUCANAS+HUAC HUAS,AYACUCHO,LUCANAS,X,-12.4114,-73.9097,3.773584905660371,96.22641509433963,49.686076333722,50.313923666278,67.10716135082492,448.48598768205,57.8,42.2,48.577225,51.422775,20.008156647071992,49.0875,-1.0497081209977344,-1.0001247833719296,0.7067510962737223,Q3,significativo,3 coldSpot
354,LARAMATE,POINT (-74.1947 -13.5572),LUCANAS+LARAMATE,AYACUCHO,LUCANAS,X,-13.5572,-74.1947,3.2894736842105345,96.71052631578947,42.809445885974895,57.190554114025105,69.39643728745621,400.5123253690284,55.0,45.0,46.321004,53.678996,17.592872331364664,43.537499999999994,-0.8966788502029108,-1.4203773848284489,0.875704919947164,Q3,significativo,3 coldSpot
356,LLAUTA,POINT (-73.8925 -13.2283),LUCANAS+LLAUTA,AYACUCHO,LUCANAS,X,-13.2283,-73.8925,8.75,91.25,65.86673935029596,34.13326064970404,66.83626633131964,732.9763269129774,40.7,59.3,27.398913000000004,72.60108699999999,34.33112098177961,47.9875,-0.11513650292934757,-1.0834180917687173,0.08444135114633448,Q3,significativo,3 coldSpot
367,TIBILLO,POINT (-75.1728 -14.0931),PALPA+TIBILLO,ICA,PALPA,X,-14.0931,-75.1728,12.7659574468085,87.2340425531915,68.36007605479494,31.639923945205055,75.69174159573811,947.9033810520186,51.2,48.8,8.612402999999999,91.387597,45.151848811480924,47.675,-0.6889962684099361,-1.1070809634723502,0.5170787761335399,Q3,significativo,3 coldSpot
377,SANTIAGO DE QUIRAHUARA,POINT (-74.9783 -14.0547),HUAYTARA+SANTIAGO DE QUIRAHUARA,HUANCAVELICA,HUAYTARA,X,-14.0547,-74.9783,8.955223880597018,91.04477611940298,64.1127472960185,35.8872527039815,68.75722754747437,217.74915591105628,58.8,41.2,21.54027,78.45973000000001,8.391468990494783,42.9125,-1.1043614319958857,-1.467703128235714,1.1162527949147423,Q3,significativo,3 coldSpot
379,USICAYOS,POINT (-69.9672 -14.1256),CARABAYA+USICAYOS,PUNO,CARABAYA,X,-14.1256,-69.9672,8.63309352517986,91.36690647482014,69.24432023768445,30.755679762315552,66.90335354484465,99.80258767382458,77.0,23.0,48.14547,51.85453,2.4533253796084087,40.5375,-2.0990516921622393,-1.6475409531833234,2.394113815357755,Q3,significativo,3 coldSpot
384,OCOYO,POINT (-75.0225 -14.0086),HUAYTARA+OCOYO,HUANCAVELICA,HUAYTARA,X,-14.0086,-75.0225,16.8141592920354,83.1858407079646,43.19896341870764,56.80103658129236,65.00962574985657,1215.559779001508,78.6,21.400000000000006,26.58547,73.41453,58.6272907268389,44.025,-2.1864969897592808,-1.3834633049707814,2.077097424227873,Q3,significativo,3 coldSpot
388,CORDOVA,POINT (-75.1833 -14.04),HUAYTARA+CORDOVA,HUANCAVELICA,HUAYTARA,X,-14.04,-75.1833,17.82178217821783,82.17821782178217,56.34150519953141,43.65849480046859,66.65187883692039,1094.34689771749,62.2,37.8,23.34951,76.65049,52.52470116182423,41.037499999999994,-1.2901826893896002,-1.6096803584575115,1.4362863252028477,Q3,significativo,3 coldSpot
393,PHARA,POINT (-69.6642 -14.1511),SANDIA+PHARA,PUNO,SANDIA,X,-14.1511,-69.6642,5.298013245033118,94.70198675496688,71.69675716764189,28.30324283235811,70.67773077984926,428.647318805626,82.0,18.0,31.63421,68.36579,19.00935806736189,25.5375,-2.3723182471529953,-2.7833587949576986,4.650618949402697,Q3,significativo,3 coldSpot
396,SAN ISIDRO,POINT (-75.24 -13.9569),HUAYTARA+SAN ISIDRO,HUANCAVELICA,HUAYTARA,X,-13.9569,-75.24,28.57142857142857,71.42857142857143,60.801138448083655,39.198861551916345,62.139995756331025,146.32902317992492,65.9,34.099999999999994,38.982824,61.017176,4.795747544721088,38.4125,-1.4923999400827601,-1.8084484807680266,1.875510252029742,Q3,significativo,3 coldSpot
416,ALTO INAMBARI,POINT (-69.2442 -14.0897),SANDIA+ALTO INAMBARI,PUNO,SANDIA,ZG,-14.0897,-69.2442,13.580246913580254,86.41975308641975,69.54553065558353,30.454469344416466,75.2498376456926,558.2668989075383,70.3,29.700000000000003,36.502457,63.497543,25.535191696364226,26.575000000000003,-1.7328745084746253,-2.7047980609016378,3.2988144665975323,Q3,significativo,3 coldSpot
436,SAN FRANCISCO DE SANGAYAICO,POINT (-75.25 -13.7956),HUAYTARA+SAN FRANCISCO DE SANGAYAICO,HUANCAVELICA,HUAYTARA,X,-13.7956,-75.25,9.523809523809518,90.47619047619048,55.95294309470705,44.04705690529295,70.63006553248907,374.09985327892355,64.8,35.2,42.947025,57.052975,16.263108738123794,50.0625,-1.4322812979847932,-0.9262966236565952,0.8880093391651724,Q3,significativo,3 coldSpot
442,QUERCO,POINT (-74.9764 -13.9803),HUAYTARA+QUERCO,HUANCAVELICA,HUAYTARA,X,-13.9803,-74.9764,4.918032786885249,95.08196721311475,59.01286967019884,40.98713032980116,67.14175142277357,424.58165145733165,76.2,23.799999999999997,26.58547,73.41453,18.80466778303158,47.675,-2.0553290433637184,-1.1070809634723502,1.5424858958189716,Q3,significativo,3 coldSpot
443,CORANI,POINT (-70.6042 -13.8686),CARABAYA+CORANI,PUNO,CARABAYA,X,-13.8686,-70.6042,4.845814977973575,95.15418502202643,62.55983697574468,37.44016302425532,66.50544299274746,159.80978774385056,56.0,44.0,67.815792,32.184208,5.474450767388225,48.275,-0.9513321612010621,-1.061648249801375,0.6827608716319439,Q3,significativo,3 coldSpot
469,ITUATA,POINT (-70.2178 -13.8761),CARABAYA+ITUATA,PUNO,CARABAYA,X,-13.8761,-70.2178,11.976047904191617,88.02395209580838,68.36992263905225,31.63007736094775,65.35653901002001,405.7960415193996,70.6,29.400000000000006,48.041521,51.958479,17.858886559408646,36.03750000000001,-1.7492705017740706,-1.9882863057156355,2.4253795565765515,Q3,significativo,3 coldSpot
477,SANTIAGO DE CHOCORVOS,POINT (-75.2578 -13.8272),HUAYTARA+SANTIAGO DE CHOCORVOS,HUANCAVELICA,HUAYTARA,X,-13.8272,-75.2578,9.090909090909093,90.9090909090909,42.192776382557625,57.807223617442375,63.25476749280915,346.75244481458986,59.6,40.4,37.465381,62.534619,14.886274793111044,46.2375,-1.1480840807944068,-1.215930173309061,0.95181380055739,Q3,significativo,3 coldSpot
479,OLLACHEA,POINT (-70.4756 -13.7944),CARABAYA+OLLACHEA,PUNO,CARABAYA,X,-13.7944,-70.4756,5.882352941176478,94.11764705882352,47.94448468330011,52.05551531669989,68.3031236414702,387.3182851963189,71.0,29.0,44.553477,55.446523,16.928604548721193,40.587500000000006,-1.7711318261733313,-1.6437548937107418,2.015258588646451,Q3,significativo,3 coldSpot
496,SANTO DOMINGO DE CAPILLAS,POINT (-75.245 -13.7356),HUAYTARA+SANTO DOMINGO DE CAPILLAS,HUANCAVELICA,HUAYTARA,X,-13.7356,-75.245,9.230769230769226,90.76923076923077,45.36725115787058,54.63274884212942,63.26877762661423,354.235912213929,52.8,47.2,33.541436000000004,66.458564,15.2630378035895,49.1625,-0.7764415660069778,-0.9944456941630575,0.5195826170048365,Q3,significativo,3 coldSpot
530,MARCAPATA,POINT (-72.1161 -13.3061),QUISPICANCHI+MARCAPATA,CUSCO,QUISPICANCHI,X,-13.3061,-72.1161,2.577319587628864,97.42268041237114,30.492883845903695,69.50711615409631,63.12869858831351,194.45519778825974,83.5,16.5,57.584146000000004,42.415853999999996,7.218710251801145,45.95,-2.4542982136502225,-1.2377000152764028,2.0732885528957548,Q3,significativo,3 coldSpot
545,SAN GABAN,POINT (-70.3889 -13.4333),CARABAYA+SAN GABAN,PUNO,CARABAYA,ZG,-13.4333,-70.3889,21.348314606741567,78.65168539325843,74.87135140317575,25.12864859682425,64.71302946644445,704.7967759284797,88.7,11.299999999999997,37.092151,62.907849,32.91239194932761,41.212500000000006,-2.7384954308406093,-1.5964291503034762,3.0224178874867227,Q3,significativo,3 coldSpot
549,LIMBANI,POINT (-69.6897 -14.1458),SANDIA+LIMBANI,PUNO,SANDIA,X,-14.1458,-69.6897,6.25,93.75,73.0954033909002,26.904596609099798,71.11425203779537,456.6079906513959,88.2,11.799999999999997,45.41504,54.58496,20.417067400142948,28.900000000000002,-2.711168775341534,-2.5287462954266093,4.816654739159494,Q3,significativo,3 coldSpot
557,COASA,POINT (-70.0197 -13.9853),CARABAYA+COASA,PUNO,CARABAYA,X,-13.9853,-70.0197,9.433962264150935,90.56603773584906,62.846862124311194,37.153137875688806,62.19254306816333,254.21822827735394,54.2,45.8,65.642954,34.357046,10.227542666087517,27.45,-0.85295620140439,-2.6385420201314655,1.5829540394811212,Q3,significativo,3 coldSpot
581,AYAPATA,POINT (-70.325 -13.7781),CARABAYA+AYAPATA,PUNO,CARABAYA,ZG,-13.7781,-70.325,18.75,81.25,69.23578094142847,30.764219058571527,66.41201008405402,481.9176140466285,61.4,38.6,43.773202999999995,56.226797000000005,21.691306919821475,42.800000000000004,-1.246460040591079,-1.4762217620490214,1.2675453261605099,Q3,significativo,3 coldSpot
588,PAUCARTAMBO,POINT (-71.78 -13.4936),PAUCARTAMBO+PAUCARTAMBO,CUSCO,PAUCARTAMBO,X,-13.4936,-71.78,25.748502994011986,74.25149700598801,42.678907967899015,57.321092032100985,59.50771953912937,285.51302601039464,49.1,50.9,46.231595,53.768405,11.803112061533277,46.8625,-0.5742243153138183,-1.1686044299017955,0.4564434769010953,Q3,significativo,3 coldSpot
594,CAMANTI,POINT (-71.2289 -14.2711),QUISPICANCHI+CAMANTI,CUSCO,QUISPICANCHI,X,-14.2711,-71.2289,7.407407407407405,92.5925925925926,65.7020880165366,34.29791198346339,57.22814439496783,858.4104388154956,43.9,56.1,15.06989,84.93011,40.64623282702635,35.1,-0.29002709812343147,-2.0592749208265344,0.41698548267015784,Q3,significativo,3 coldSpot
604,ARMA,POINT (-75.5419 -13.1256),CASTROVIRREYNA+ARMA,HUANCAVELICA,CASTROVIRREYNA,X,-13.1256,-75.5419,31.889763779527556,68.11023622047244,47.343888383262595,52.656111616737405,68.89558289355473,369.6405022278763,45.1,54.9,24.38605,75.61395,16.03859803511449,49.900000000000006,-0.35561107132121317,-0.9386013169424838,0.22363584642274292,Q3,significativo,3 coldSpot
607,SAN PEDRO DE PUTINA PUNCO,POINT (-69.0467 -14.1119),SANDIA+SAN PEDRO DE PUTINA PUNCO,PUNO,SANDIA,X,-14.1119,-69.0467,21.333333333333343,78.66666666666666,68.97847478421797,31.021525215782034,79.34965453670833,578.1913029453154,57.4,42.6,36.09379,63.90621,26.538306702641258,32.8,-1.0278467965984739,-2.233433656565272,1.6069862974806584,Q3,significativo,3 coldSpot
608,CHAVIN,POINT (-75.9119 -13.0789),CHINCHA+CHAVIN,ICA,CHINCHA,X,-13.0789,-75.9119,3.225806451612897,96.7741935483871,49.466739956776564,50.533260043223436,78.42598443843107,1136.7535324207875,65.9,34.099999999999994,30.081300999999996,69.918699,54.65970763709604,48.7375,-1.4923999400827601,-1.0266271996799985,1.0333557770709232,Q3,significativo,3 coldSpot
611,SAN PEDRO DE HUACARPANA,POINT (-75.6483 -13.0492),CHINCHA+SAN PEDRO DE HUACARPANA,ICA,CHINCHA,X,-13.0492,-75.6483,5.714285714285722,94.28571428571428,67.56432774584115,32.435672254158845,77.71622907196914,186.59117345877002,71.8,28.200000000000003,10.640539999999998,89.35946,6.822787703769997,45.775,-1.8148544749718523,-1.2509512234304376,1.55047107422468,Q3,significativo,3 coldSpot
612,AZANGARO,POINT (-75.8367 -12.9994),YAUYOS+AZANGARO,LIMA,YAUYOS,X,-12.9994,-75.8367,20.0,80.0,50.63933354116144,49.36066645883856,72.17592852416068,169.61782468354306,60.8,39.2,37.08105,62.91895,5.9682466680169615,36.0,-1.213668053992188,-1.991125850320072,1.6852492736119298,Q3,significativo,3 coldSpot
628,HUANGASCAR,POINT (-75.8311 -12.8997),YAUYOS+HUANGASCAR,LIMA,YAUYOS,X,-12.8997,-75.8311,32.075471698113205,67.9245283018868,58.588011998239686,41.411988001760314,73.32876584012149,552.8880073944789,54.3,45.7,28.65267,71.34733,25.26438576492177,36.575,-0.8584215325042047,-1.9475861663853873,1.1649921856909622,Q3,significativo,3 coldSpot
633,MADEAN,POINT (-75.7775 -12.945),YAUYOS+MADEAN,LIMA,YAUYOS,X,-12.945,-75.7775,22.093023255813947,77.90697674418605,59.32036214821769,40.67963785178231,70.00978724960447,79.01901610592779,67.9,32.099999999999994,37.08105,62.91895,1.4069546834379723,44.550000000000004,-1.6017065620790627,-1.3437096805086777,1.4756087535368048,Q3,significativo,3 coldSpot
635,AURAHUA,POINT (-75.5708 -13.035),CASTROVIRREYNA+AURAHUA,HUANCAVELICA,CASTROVIRREYNA,X,-13.035,-75.5708,12.121212121212125,87.87878787878788,44.79196519607145,55.20803480392855,62.68022371830308,215.0365345730461,46.3,53.7,37.789973999999994,62.210026000000006,8.254899225831004,50.012499999999996,-0.4211950445189945,-0.9300826831291767,0.2622904231385867,Q3,significativo,3 coldSpot
637,VIÑAC,POINT (-75.7794 -12.9311),YAUYOS+VINAC,LIMA,YAUYOS,X,-12.9311,-75.7794,25.714285714285708,74.28571428571429,48.99616932596151,51.00383067403849,78.7698180883654,399.93145841055536,57.8,42.2,32.051319,67.948681,17.563627975468748,37.387499999999996,-1.0497081209977344,-1.8860626999559427,1.3779803816855614,Q3,significativo,3 coldSpot
642,HUEPETUHE,POINT (-70.5336 -12.9975),MANU+HUEPETUHE,MADRE DE DIOS,MANU,ZG,-12.9975,-70.5336,66.66666666666667,33.33333333333333,66.58875934319245,33.41124065680755,74.63460475741941,1511.4659914971085,61.6,38.4,6.808264999999999,93.191735,73.5249991673094,31.2125,-1.2573907027907094,-2.3536410448197267,2.0749604413062404,Q3,significativo,3 coldSpot
657,LINCHA,POINT (-75.6658 -12.8),YAUYOS+LINCHA,LIMA,YAUYOS,X,-12.8,-75.6658,6.756756756756758,93.24324324324324,39.54690809881179,60.45309190118821,76.32696660023468,74.03970652847875,85.5,14.5,51.726324,48.273676,1.1562661233903149,43.037499999999994,-2.563604835646525,-1.4582379795542613,2.5736951151566023,Q3,significativo,3 coldSpot
658,SAMUGARI,POINT (-74.2486 -12.9386),LA MAR+SAMUGARI,AYACUCHO,LA MAR,X,-12.9386,-74.2486,20.370370370370367,79.62962962962963,43.637121022805914,56.362878977194086,82.06985205815603,444.892864830189,58.0,42.0,42.323311000000004,57.676688999999996,19.82725711074133,44.68750000000001,-1.0606387831973647,-1.3332980169590791,0.9691671837464018,Q3,significativo,3 coldSpot
664,HONGOS,POINT (-75.7647 -12.8108),YAUYOS+HONGOS,LIMA,YAUYOS,X,-12.8108,-75.7647,7.692307692307693,92.3076923076923,16.47787837450491,83.52212162549509,75.17754952928517,138.42627892388586,49.2,50.8,28.65267,71.34733,4.397875601401131,37.5,-0.5796896464136335,-1.8775440661426344,0.7574101345796072,Q3,significativo,3 coldSpot
667,CATAHUASI,POINT (-75.8911 -12.8003),YAUYOS+CATAHUASI,LIMA,YAUYOS,X,-12.8003,-75.8911,45.833333333333336,54.166666666666664,43.095989594859006,56.904010405140994,80.51032224360675,745.5016480930437,54.3,45.7,16.38022,83.61977999999999,34.961721405779336,33.650000000000006,-0.8584215325042047,-2.16907064553139,1.3022202542175882,Q3,significativo,3 coldSpot
668,CACRA,POINT (-75.7828 -12.8119),YAUYOS+CACRA,LIMA,YAUYOS,X,-12.8119,-75.7828,12.903225806451616,87.09677419354838,54.63717566283209,45.36282433716791,79.5232446030393,371.68109006886385,56.0,44.0,33.67981,66.32019,16.141333568937235,33.412499999999994,-0.9513321612010621,-2.187054428026152,1.455513558947479,Q3,significativo,3 coldSpot
670,SANTA ROSA,POINT (-74.0669 -13.7528),LA MAR+SANTA ROSA,AYACUCHO,LA MAR,ZG,-13.7528,-74.0669,89.58333333333333,10.416666666666671,48.36436406007452,51.63563593992548,76.64018455692427,584.133567498734,52.4,47.6,31.925593000000003,68.074407,26.837476240334855,41.5625,-0.7545802416077174,-1.5699267339954077,0.8183797043038066,Q3,significativo,3 coldSpot
673,PUTINZA,POINT (-75.9494 -12.6689),YAUYOS+PUTINZA,LIMA,YAUYOS,X,-12.6689,-75.9494,20.0,80.0,61.365891877466574,38.634108122533426,73.38387799135408,398.8929458721126,67.6,32.400000000000006,24.30848,75.69152,17.51134297313976,37.875,-1.5853105687796167,-1.849148620098275,2.038842067780035,Q3,significativo,3 coldSpot
679,INAMBARI,POINT (-70.3678 -13.1),TAMBOPATA+INAMBARI,MADRE DE DIOS,TAMBOPATA,ZG,-13.1,-70.3678,47.5,52.5,56.54783510482739,43.45216489517261,74.2269863647676,1213.9031663194648,43.5,56.5,5.689339,94.310661,58.543886824880495,33.025,-0.268165773724171,-2.2163963889386564,0.4159659431258907,Q3,significativo,3 coldSpot
681,TUPE,POINT (-75.8089 -12.7403),YAUYOS+TUPE,LIMA,YAUYOS,X,-12.7403,-75.8089,47.36842105263158,52.63157894736842,21.185843624363457,78.81415637563654,77.03011376167443,418.4244029824772,96.1,3.9000000000000057,33.67981,66.32019,18.49467465446461,33.475,-3.142929932226928,-2.182321853685425,4.797865646934412,Q3,significativo,3 coldSpot
686,AYNA,POINT (-74.9419 -14.1308),LA MAR+AYNA,AYACUCHO,LA MAR,X,-14.1308,-74.9419,68.18181818181819,31.818181818181813,58.14841838060486,41.85158161939514,73.79465064787826,537.0367398887602,53.0,47.0,38.938658,61.061342,24.466337086860936,40.112500000000004,-0.7873722282066082,-1.6797224587002637,0.9163413644007327,Q3,significativo,3 coldSpot
700,COLONIA,POINT (-75.8906 -12.6319),YAUYOS+COLONIA,LIMA,YAUYOS,X,-12.6319,-75.8906,54.92957746478873,45.07042253521127,51.9472097908121,48.0527902091879,68.8796926946481,171.39526750308994,80.3,19.700000000000003,24.30848,75.69152,6.057733889903561,34.212500000000006,-2.2794076184561383,-2.126477476464851,3.387772861193541,Q3,significativo,3 coldSpot
704,SIVIA,POINT (-74.3536 -13.5831),HUANTA+SIVIA,AYACUCHO,HUANTA,ZG,-13.5831,-74.3536,47.42268041237113,52.57731958762887,52.55594610950206,47.44405389049794,77.00938809632027,494.1084249177928,75.4,24.599999999999994,45.787749,54.212251,22.30506607168188,43.55,-2.0116063945651974,-1.4194308699603033,1.9631792862772097,Q3,significativo,3 coldSpot
705,AYAUCA,POINT (-76.0367 -12.5922),YAUYOS+AYAUCA,LIMA,YAUYOS,X,-12.5922,-76.0367,15.909090909090907,84.0909090909091,43.16739968532273,56.83260031467727,77.88375523453462,969.0941266233976,61.9,38.1,24.30848,75.69152,46.218719109661265,48.56249999999999,-1.2737866960901547,-1.0398784078340333,0.8941682372124378,Q3,significativo,3 coldSpot
711,HUANTAN,POINT (-75.8106 -12.4572),YAUYOS+HUANTAN,LIMA,YAUYOS,X,-12.4572,-75.8106,4.166666666666657,95.83333333333334,52.72921079841573,47.27078920158427,83.81970417509609,684.1798651072872,81.5,18.5,28.65267,71.34733,31.874411963145764,40.487500000000004,-2.34499159165392,-1.6513270126559043,2.6810333799342727,Q3,significativo,3 coldSpot
714,KIMBIRI,POINT (-71.5997 -13.3189),LA CONVENCION+KIMBIRI,CUSCO,LA CONVENCION,X,-13.3189,-71.5997,41.02564102564102,58.97435897435898,49.29293286065465,50.70706713934535,73.40481655087646,542.3967836867969,62.7,37.3,25.020310000000002,74.97969,24.73619411033418,37.800000000000004,-1.3175093448886759,-1.8548277093071466,1.6998277498844068,Q3,significativo,3 coldSpot
726,LARAOS,POINT (-75.7856 -12.3456),YAUYOS+LARAOS,LIMA,YAUYOS,X,-12.3456,-75.7856,3.3333333333333286,96.66666666666667,56.0247864733167,43.9752135266833,76.62723027207832,1196.5091856683794,55.3,44.7,18.08193,81.91807,57.668168636426074,48.362500000000004,-0.913074843502356,-1.0550226457243574,0.6509375314337161,Q3,significativo,3 coldSpot
737,LLOCHEGUA,POINT (-74.0342 -13.7125),HUANTA+LLOCHEGUA,AYACUCHO,HUANTA,ZG,-13.7125,-74.0342,75.0,25.0,51.50453211826823,48.49546788173177,73.58448881445297,569.5770220606879,70.3,29.700000000000003,32.096351,67.903649,26.10461170191393,36.9,-1.7328745084746253,-1.9229767798136095,2.320961290207668,Q3,significativo,3 coldSpot
742,PICHARI,POINT (-71.7619 -13.9531),LA CONVENCION+PICHARI,CUSCO,LA CONVENCION,ZG,-13.9531,-71.7619,42.04545454545454,57.95454545454546,55.29796232913024,44.70203767086976,75.76988073223662,715.5638333545031,56.1,43.9,30.628854,69.371146,33.454470741597255,32.925,-0.9567974923008773,-2.223968507883819,1.4893677974992097,Q3,significativo,3 coldSpot
768,MADRE DE DIOS,POINT (-70.3936 -12.6181),MANU+MADRE DE DIOS,MADRE DE DIOS,MANU,X,-12.6181,-70.3936,45.714285714285715,54.285714285714285,61.501035049113625,38.498964950886375,75.01665035738422,1184.4295418191855,62.4,37.6,1.922952,98.077048,57.060006304813356,42.7,-1.3011133515892304,-1.4837938809941842,1.3302341751776732,Q3,significativo,3 coldSpot
821,MANU,POINT (-71.3633 -12.8381),MANU+MANU,MADRE DE DIOS,MANU,ZG,-12.8381,-71.3633,3.7037037037037095,96.29629629629629,57.21338118948044,42.78661881051956,74.79448830372067,993.3756077789103,50.5,49.5,10.757411,89.242589,47.44119573057028,36.987500000000004,-0.65073895071123,-1.9163511757365919,0.8684687230987981,Q3,significativo,3 coldSpot
842,CANCHAYLLO,POINT (-75.72 -11.8011),JAUJA+CANCHAYLLO,JUNIN,JAUJA,X,-11.8011,-75.72,40.0,60.0,57.771003886361314,42.228996113638686,67.96139219838267,570.0619997002202,55.2,44.8,32.56425,67.43575,26.12902840953546,49.125,-0.9076095124025412,-0.9972852387674936,0.609218311111195,Q3,significativo,3 coldSpot
863,ARAHUAY,POINT (-76.6731 -11.6222),CANTA+ARAHUAY,LIMA,CANTA,X,-11.6222,-76.6731,29.032258064516128,70.96774193548387,68.86336114323993,31.136638856760072,73.23644882654284,477.5842115471473,45.6,54.4,20.90718,79.09282,21.47313722866152,50.775,-0.3829377268202888,-0.8723452761723124,0.22250825582581638,Q3,significativo,3 coldSpot
870,ANDAMARCA,POINT (-74.8058 -11.7319),CONCEPCION+ANDAMARCA,JUNIN,CONCEPCION,X,-11.7319,-74.8058,5.769230769230774,94.23076923076923,47.755986667164976,52.244013332835024,74.10550121764935,236.38049857300427,49.8,50.2,46.875417999999996,53.124582000000004,9.329483466403522,47.6875,-0.612481633012524,-1.1061344486042046,0.4592375505665346,Q3,significativo,3 coldSpot
891,LLAYLLA,POINT (-74.5906 -11.3808),SATIPO+LLAYLLA,JUNIN,SATIPO,X,-11.3808,-74.5906,46.34146341463414,53.65853658536586,64.76247092419209,35.23752907580791,72.67919359098045,485.49883269553175,89.4,10.599999999999994,28.28469,71.71531,21.871607126576105,35.0875,-2.7767527485393155,-2.0602214356946797,3.994163888157966,Q3,significativo,3 coldSpot
897,PANGOA,POINT (-74.6597 -11.2086),SATIPO+PANGOA,JUNIN,SATIPO,X,-11.2086,-74.6597,21.621621621621628,78.37837837837837,43.805659202757695,56.194340797242305,73.74932476832508,398.35419274612934,75.9,24.099999999999994,38.234087,61.765913,17.48421888228476,36.675,-2.038933050064273,-1.9400140474402252,2.7559598733680386,Q3,significativo,3 coldSpot
898,FITZCARRALD,POINT (-70.9336 -12.2678),MANU+FITZCARRALD,MADRE DE DIOS,MANU,X,-12.2678,-70.9336,7.692307692307693,92.3076923076923,34.021528457316045,65.97847154268396,75.54963882084101,638.7693191302349,81.7,18.299999999999997,16.918182,83.081818,29.588170426061563,46.0875,-2.3559222538535503,-1.2272883517268047,1.972480297858143,Q3,significativo,3 coldSpot
902,PAMPA HERMOSA,POINT (-74.7519 -11.4056),SATIPO+PAMPA HERMOSA,JUNIN,SATIPO,X,-11.4056,-74.7519,14.035087719298247,85.96491228070175,39.888280760183136,60.111719239816864,75.34609210791834,313.29823156289746,74.0,26.0,48.846161,51.153839,13.201987359853968,42.300000000000004,-1.9350917591677852,-1.514082356774834,2.020705617301846,Q3,significativo,3 coldSpot
903,COVIRIALI,POINT (-74.6283 -11.2906),SATIPO+COVIRIALI,JUNIN,SATIPO,X,-11.2906,-74.6283,24.444444444444443,75.55555555555556,49.621853968601776,50.378146031398224,72.98639319101154,473.4904915358966,79.2,20.799999999999997,37.709363,62.290637,21.26703460360954,37.58749999999999,-2.2192889763581722,-1.8709184620656178,2.889062661807166,Q3,significativo,3 coldSpot
904,SAN MIGUEL DE ACOS,POINT (-76.8214 -11.2736),HUARAL+SAN MIGUEL DE ACOS,LIMA,HUARAL,X,-11.2736,-76.8214,25.0,75.0,72.4770112244765,27.5229887755235,80.5222087653425,840.9815581971072,43.6,56.4,14.61059,85.38941,39.76875756313551,46.849999999999994,-0.2736311048239862,-1.169550944769941,0.21769275959250706,Q3,significativo,3 coldSpot
914,MAZAMARI,POINT (-74.7519 -11.4056),SATIPO+MAZAMARI,JUNIN,SATIPO,X,-11.4056,-74.7519,33.54430379746836,66.45569620253164,60.01133023046341,39.98866976953659,75.41084938147766,514.084282951313,69.3,30.700000000000003,35.190937000000005,64.809063,23.31077158330928,27.374999999999996,-1.678221197476474,-2.6442211093403376,3.1213965348820376,Q3,significativo,3 coldSpot
927,SATIPO,POINT (-74.6372 -11.2531),SATIPO+SATIPO,JUNIN,SATIPO,X,-11.2531,-74.6372,31.42857142857143,68.57142857142857,59.71661057761873,40.28338942238127,71.64834806655777,816.7465751821994,48.4,51.6,21.841047000000003,78.158953,38.548621939855146,32.050000000000004,-0.5359669976151122,-2.2902245486539905,0.8599264756882126,Q3,significativo,3 coldSpot
929,RIO NEGRO,POINT (-74.31 -11.1469),SATIPO+RIO NEGRO,JUNIN,SATIPO,X,-11.1469,-74.31,36.60714285714286,63.39285714285714,58.12847486528723,41.87152513471277,73.52944498752588,432.7706547473175,79.5,20.5,33.684533,66.315467,19.216951737475682,36.2125,-2.2356849696576173,-1.9750350975616018,3.078414839461465,Q3,significativo,3 coldSpot
935,PACCHO,POINT (-76.9336 -10.9567),HUAURA+PACCHO,LIMA,HUAURA,X,-10.9567,-76.9336,7.692307692307693,92.3076923076923,55.495961036875514,44.504038963124486,78.15551662977417,64.54263566018727,47.2,52.8,25.10339,74.89661,0.6781261355845642,49.81250000000001,-0.47038302441733093,-0.9452269210195009,0.29806280895366977,Q3,significativo,3 coldSpot
951,RIO TAMBO,POINT (-74.6372 -11.2531),SATIPO+RIO TAMBO,JUNIN,SATIPO,ZG,-11.2531,-74.6372,6.395348837209298,93.6046511627907,33.32546533596497,66.67453466403504,78.55779690558742,254.08257818425022,91.4,8.599999999999994,51.784869,48.215131,10.220713219960185,27.112499999999997,-2.886059370535618,-2.6640979215713894,5.409312075267523,Q3,significativo,3 coldSpot
953,SEPAHUA,POINT (-73.0475 -11.1464),ATALAYA+SEPAHUA,UCAYALI,ATALAYA,ZG,-11.1464,-73.0475,12.727272727272734,87.27272727272727,29.715610305363825,70.28438969463618,60.10804455440363,577.6973561902032,64.4,35.599999999999994,31.82103,68.17896999999999,26.51343843549432,31.312500000000004,-1.4104199735855332,-2.346068925874564,2.319782672624652,Q3,significativo,3 coldSpot
954,PICHANAQUI,POINT (-74.8728 -10.9303),CHANCHAMAYO+PICHANAQUI,JUNIN,CHANCHAMAYO,X,-10.9303,-74.8728,42.567567567567565,57.432432432432435,53.361275774812306,46.638724225187694,78.21109613042135,612.1696439943328,55.0,45.0,30.580174,69.419826,28.24898189925159,41.449999999999996,-0.8966788502029108,-1.578445367808716,0.9780059220341134,Q3,significativo,3 coldSpot
964,MANAS,POINT (-77.1669 -10.5953),CAJATAMBO+MANAS,LIMA,CAJATAMBO,X,-10.5953,-77.1669,8.24742268041237,91.75257731958763,58.915788232237155,41.084211767762845,69.89491240101852,734.7266776820641,61.9,38.1,20.099202,79.90079800000001,34.41924422598759,38.87499999999999,-1.2737866960901547,-1.7734274306466506,1.5685796352900665,Q3,significativo,3 coldSpot
965,GORGOR,POINT (-77.0389 -10.6214),CAJATAMBO+GORGOR,LIMA,CAJATAMBO,X,-10.6214,-77.0389,7.7720207253886,92.2279792746114,31.8011356935371,68.1988643064629,68.60378631301352,249.48617894260386,59.0,41.0,37.15457,62.84543,9.989302682139641,50.3125,-1.115292094195516,-0.9073663262936889,0.6762385525000729,Q3,significativo,3 coldSpot
966,COCHAS,POINT (-77.9819 -9.0731),OCROS+COCHAS,ANCASH,OCROS,X,-9.0731,-77.9819,12.5,87.5,55.316764496117614,44.683235503882386,80.24663530175717,934.151204403574,52.6,47.4,23.49801,76.50199,44.45948106292133,48.12500000000001,-0.7655109038073478,-1.073006428219118,0.5556746073617075,Q3,significativo,3 coldSpot
970,VILCABAMBA,POINT (-76.4492 -10.4789),DANIEL ALCIDES CARRION+VILCABAMBA,PASCO,DANIEL ALCIDES CARRION,X,-10.4789,-76.4492,11.290322580645167,88.70967741935483,87.03065030256556,12.969349697434438,74.18180272714011,374.51949396371936,46.5,53.5,44.669951000000005,55.330048999999995,16.28423598827215,47.9875,-0.4321257067186249,-1.0834180917687173,0.3169218936828072,Q3,significativo,3 coldSpot
971,HUANCAPON,POINT (-77.1128 -10.5483),CAJATAMBO+HUANCAPON,LIMA,CAJATAMBO,X,-10.5483,-77.1128,4.347826086956516,95.65217391304348,61.943081698715744,38.056918301284256,72.14938420932536,456.0152268032583,71.0,29.0,30.35862,69.64138,20.38722408286641,42.512499999999996,-1.7711318261733313,-1.4979916040163643,1.8289220180058947,Q3,significativo,3 coldSpot
980,ACAS,POINT (-77.4661 -9.6664),OCROS+ACAS,ANCASH,OCROS,X,-9.6664,-77.4661,7.407407407407405,92.5925925925926,72.52715582953196,27.472844170468036,81.26899302602105,514.4115983319521,70.4,29.599999999999994,28.06648,71.93352,23.327250619243394,46.0625,-1.738339839574441,-1.2291813814630952,1.4577886639967423,Q3,significativo,3 coldSpot
982,SANTIAGO DE CHILCAS,POINT (-77.8931 -9.5622),OCROS+SANTIAGO DE CHILCAS,ANCASH,OCROS,X,-9.5622,-77.8931,2.941176470588232,97.05882352941177,54.473521134896316,45.526478865103684,80.408697949019,669.4438860310302,65.5,34.5,39.956140000000005,60.043859999999995,31.132513650124654,49.85,-1.4705386156834994,-0.9423873764150653,0.9288073242460195,Q3,significativo,3 coldSpot
983,SAN PEDRO DE PILLAO,POINT (-76.4972 -10.4392),DANIEL ALCIDES CARRION+SAN PEDRO DE PILLAO,PASCO,DANIEL ALCIDES CARRION,X,-10.4392,-76.4972,35.71428571428571,64.28571428571429,69.32102520632327,30.67897479367673,73.51130015426875,263.1106948234562,48.8,51.2,48.781405,51.218595,10.675243215539275,44.2125,-0.5578283220143727,-1.3692655819486017,0.5242015006481895,Q3,significativo,3 coldSpot
984,PALLANCHACRA,POINT (-76.2356 -10.4147),PASCO+PALLANCHACRA,PASCO,PASCO,X,-10.4147,-76.2356,29.787234042553195,70.2127659574468,61.532413598705055,38.467586401294945,73.28585779080646,304.0359172907872,46.3,53.7,55.349316,44.650684,12.73566643895759,46.05,-0.4211950445189945,-1.2301278963312408,0.3535059992835326,Q3,significativo,3 coldSpot
986,SAN CRISTOBAL DE RAJAN,POINT (-77.3981 -10.1147),OCROS+SAN CRISTOBAL DE RAJAN,ANCASH,OCROS,X,-10.1147,-77.3981,5.26315789473685,94.73684210526315,57.521537382042595,42.478462617957405,80.48520987963572,692.1737047027779,70.2,29.799999999999997,34.49565,65.50435,32.27687019681762,49.400000000000006,-1.7274091773748106,-0.9764619116682963,1.1335332986330504,Q3,significativo,3 coldSpot
988,LLIPA,POINT (-77.8931 -8.1925),OCROS+LLIPA,ANCASH,OCROS,X,-8.1925,-77.8931,5.555555555555557,94.44444444444444,91.744877700878,8.255122299121993,81.80582949035359,549.1498239762067,49.6,50.4,23.49801,76.50199,25.07618300232094,45.6,-0.601550970812894,-1.2642024315844718,0.5196719814735071,Q3,significativo,3 coldSpot
990,CHACAYAN,POINT (-76.4383 -10.435),DANIEL ALCIDES CARRION+CHACAYAN,PASCO,DANIEL ALCIDES CARRION,X,-10.435,-76.4383,43.66197183098591,56.33802816901409,68.38262882206551,31.617371177934487,78.91552823349026,374.9780919738249,61.0,39.0,53.680466,46.319534,16.307324585798753,47.3125,-1.2245987161918186,-1.134529894648564,0.9432999028006677,Q3,significativo,3 coldSpot
996,PAUCAR,POINT (-76.445 -10.3697),DANIEL ALCIDES CARRION+PAUCAR,PASCO,DANIEL ALCIDES CARRION,X,-10.3697,-76.445,48.4375,51.5625,70.14743750344175,29.85256249655825,75.54637538658046,417.14539608909206,51.2,48.8,52.630675999999994,47.369324000000006,18.430281711747035,41.9875,-0.6889962684099361,-1.5377452284784674,0.7312468628455174,Q3,significativo,3 coldSpot
999,MANGAS,POINT (-77.5992 -8.3394),BOLOGNESI+MANGAS,ANCASH,BOLOGNESI,X,-8.3394,-77.5992,46.666666666666664,53.333333333333336,58.84037024354549,41.15962975645451,71.86703709772058,381.05323688858994,73.0,27.0,33.31055,66.68945,16.6131841245711,41.8125,-1.880438448169634,-1.5509964366325015,2.013735732666817,Q3,significativo,3 coldSpot
1001,LA PRIMAVERA,POINT (-78.5842 -9.0758),BOLOGNESI+LA PRIMAVERA,ANCASH,BOLOGNESI,X,-9.0758,-78.5842,38.46153846153846,61.53846153846154,69.83252732201002,30.167472677989977,71.80634533871591,287.41240598457796,75.3,24.700000000000003,37.535376,62.464624,11.89873833728601,48.05,-2.006141063465382,-1.0786855174279908,1.4644553952173947,Q3,significativo,3 coldSpot
1002,CAJAMARQUILLA,POINT (-77.0722 -10.2333),OCROS+CAJAMARQUILLA,ANCASH,OCROS,X,-10.2333,-77.0722,0.0,100.0,65.9175381800426,34.0824618199574,81.22222780226146,407.7168205712079,51.7,48.3,34.49565,65.50435,17.955590194155175,47.7,-0.7163229239090118,-1.105187933736059,0.536608183038861,Q3,significativo,3 coldSpot
1014,RAYMONDI,POINT (-73.7592 -10.7278),ATALAYA+RAYMONDI,UCAYALI,ATALAYA,ZG,-10.7278,-73.7592,6.701030927835049,93.29896907216495,31.755423115388716,68.24457688461129,60.435492922439146,542.0447383264195,69.8,30.200000000000003,31.82103,68.17896999999999,24.718470017647885,29.3625,-1.7055478529755497,-2.4937252453052334,2.9869600674703944,Q3,significativo,3 coldSpot
1018,SAN MIGUEL DE CAURI,POINT (-76.625 -10.1431),LAURICOCHA+SAN MIGUEL DE CAURI,HUANUCO,LAURICOCHA,X,-10.1431,-76.625,4.502814258911826,95.49718574108817,50.9321467751688,49.0678532248312,69.51122273011786,803.3818107070781,64.0,36.0,43.663956999999996,56.336043000000004,37.87575886325153,49.575,-1.3885586491862725,-0.9632107035142621,0.8978974987954954,Q3,significativo,3 coldSpot
1021,LLACLLIN,POINT (-77.0044 -9.1803),RECUAY+LLACLLIN,ANCASH,RECUAY,X,-9.1803,-77.0044,50.0,50.0,77.30910745373417,22.69089254626583,68.749925622021,521.6747315575857,52.0,48.0,22.66293,77.33707,23.692920674789768,46.875,-0.7327189172084569,-1.16765791503365,0.5819282158486115,Q3,significativo,3 coldSpot
1027,PARARIN,POINT (-77.5644 -9.3678),RECUAY+PARARIN,ANCASH,RECUAY,X,-9.3678,-77.5644,25.80645161290323,74.19354838709677,62.367939135634934,37.632060864365066,67.2377940254192,397.64062524651297,95.6,4.400000000000006,22.66293,77.33707,17.44829357854671,49.525000000000006,-3.1156032767278528,-0.9669967629868431,2.0231874562596133,Q3,significativo,3 coldSpot
1032,HUAYLLAPAMPA,POINT (-77.5808 -8.6461),RECUAY+HUAYLLAPAMPA,ANCASH,RECUAY,X,-8.6461,-77.5808,11.39240506329115,88.60759493670885,46.86404466123981,53.13595533876019,70.15378473931952,173.21304405251533,58.4,41.6,39.387722,60.612278,6.149251755699186,46.325,-1.0825001075966252,-1.2093045692320434,0.8922650169015582,Q3,significativo,3 coldSpot
1036,TAPACOCHA,POINT (-77.2 -10.285),RECUAY+TAPACOCHA,ANCASH,RECUAY,X,-10.285,-77.2,5.882352941176478,94.11764705882352,25.898550997000946,74.10144900299906,68.205555283788,229.61314587394378,48.9,51.1,22.66293,77.33707,8.988774001150462,45.587500000000006,-0.5632936531141879,-1.2651489464526167,0.487006810566956,Q3,significativo,3 coldSpot
1038,PUERTO BERMÚDEZ,POINT (-74.9358 -10.2964),OXAPAMPA+PUERTO BERMUDEZ,PASCO,OXAPAMPA,X,-10.2964,-74.9358,1.481481481481481,98.51851851851852,37.52966513639991,62.47033486360009,69.6070292593661,419.1635469755762,75.9,24.099999999999994,47.839147999999994,52.160852000000006,18.531887633576623,42.8125,-2.038933050064273,-1.4752752471808765,2.0720309850432903,Q3,significativo,3 coldSpot
1089,TAHUANIA,POINT (-73.9808 -10.1033),ATALAYA+TAHUANIA,UCAYALI,ATALAYA,ZG,-10.1033,-73.9808,1.408450704225345,98.59154929577466,17.5630818153899,82.43691818461011,64.28092976210517,461.5171470294264,83.1,16.900000000000006,29.567845,70.432155,20.664224023830467,26.7125,-2.432436889250962,-2.6943863973520394,4.612268309108746,Q3,significativo,3 coldSpot
1095,CONSTITUCION,POINT (-74.9986 -9.8458),OXAPAMPA+CONSTITUCION,PASCO,OXAPAMPA,X,-9.8458,-74.9986,16.45569620253164,83.54430379746836,44.20861214810451,55.79138785189549,68.60750297020236,551.8663577520824,70.7,29.299999999999997,36.646578000000005,63.353421999999995,25.21294974277012,37.125,-1.7547358328738862,-1.9059395121869938,2.3286637291812546,Q3,significativo,3 coldSpot
1099,PURÚS,POINT (-70.7122 -9.7703),PURUS+PURUS,UCAYALI,PURUS,ZG,-9.7703,-70.7122,1.818181818181813,98.18181818181819,20.543648233179454,79.45635176682055,67.27362198638835,551.6913308111284,70.7,29.299999999999997,31.928337999999997,68.071662,25.20413782796249,43.15,-1.7547358328738862,-1.4497193457409532,1.7508534369394733,Q3,significativo,3 coldSpot
1101,YURÚA,POINT (-72.7622 -9.5281),ATALAYA+YURUA,UCAYALI,ATALAYA,X,-9.5281,-72.7622,0.0,100.0,12.942206813693737,87.05779318630627,60.844582828411006,299.84131483838553,85.5,14.5,52.637208,47.362792,12.5244847816597,25.562499999999996,-2.563604835646525,-2.7814657652214083,5.022108494129327,Q3,significativo,3 coldSpot
1106,CHAGLLA,POINT (-75.9064 -9.8281),PACHITEA+CHAGLLA,HUANUCO,PACHITEA,X,-9.8281,-75.9064,12.280701754385973,87.71929824561403,40.61286211367243,59.38713788632757,72.04667803805539,541.2154554135218,44.4,55.6,29.524074000000002,70.475926,24.676718900133924,45.937500000000014,-0.3173537536225071,-1.2386465301445473,0.2683039925997207,Q3,significativo,3 coldSpot
1108,YUYAPICHIS,POINT (-74.9744 -9.6297),PUERTO INCA+YUYAPICHIS,HUANUCO,PUERTO INCA,X,-9.6297,-74.9744,7.2727272727272805,92.72727272727272,27.60662698232133,72.39337301767867,71.89765248113042,612.5916067338167,51.7,48.3,14.724319999999999,85.27568,28.270226055677224,42.87500000000001,-0.7163229239090118,-1.4705426728401494,0.7255041322976699,Q3,significativo,3 coldSpot
1123,CODO DEL POZUZO,POINT (-75.4533 -9.6758),PUERTO INCA+CODO DEL POZUZO,HUANUCO,PUERTO INCA,X,-9.6758,-75.4533,5.970149253731336,94.02985074626866,27.806650377441475,72.19334962255853,70.99812730398774,625.5720551262602,61.1,38.9,27.218251,72.781749,28.923740336253786,46.2,-1.2300640472916338,-1.2187697179134966,1.022299928092276,Q3,significativo,3 coldSpot
1147,LUYANDO,POINT (-75.9919 -9.2469),LEONCIO PRADO+LUYANDO,HUANUCO,LEONCIO PRADO,X,-9.2469,-75.9919,69.64285714285714,30.35714285714286,55.278725469995564,44.721274530004436,73.17900460022256,602.5962895990077,47.2,52.8,10.163237,89.836763,27.767001337316042,46.2375,-0.47038302441733093,-1.215930173309061,0.38996887220885984,Q3,significativo,3 coldSpot
1160,HERMILIO VALDIZAN,POINT (-75.8261 -9.1525),LEONCIO PRADO+HERMILIO VALDIZAN,HUANUCO,LEONCIO PRADO,X,-9.1525,-75.8261,70.83333333333333,29.16666666666667,43.46725905957747,56.53274094042253,73.29097991556696,340.20694592666433,66.6,33.400000000000006,28.97587,71.02413,14.556734790529353,48.2625,-1.5306572577814654,-1.06259476466952,1.0995819631643646,Q3,significativo,3 coldSpot
1167,PUERTO INCA,POINT (-74.9733 -9.3775),PUERTO INCA+PUERTO INCA,HUANUCO,PUERTO INCA,X,-9.3775,-74.9733,7.575757575757578,92.42424242424242,35.51941754010392,64.48058245989608,70.46856737671284,715.4473584603038,48.2,51.8,23.248430999999997,76.751569,33.448606690958435,40.837500000000006,-0.5250363354154822,-1.6248245963478356,0.5902318073495544,Q3,significativo,3 coldSpot
1177,SAN LUIS,POINT (-78.2247 -9.9486),CARLOS FERMIN FITZCARRALD+SAN LUIS,ANCASH,CARLOS FERMIN FITZCARRALD,X,-9.9486,-78.2247,71.01449275362319,28.985507246376812,41.943013156212636,58.056986843787364,74.75361760123883,404.0595576726479,47.7,52.3,35.243618999999995,64.756381,17.771461459941097,48.95,-0.4977096799164066,-1.0105364469215277,0.33883988992542075,Q3,significativo,3 coldSpot
1181,YAUYA,POINT (-77.2419 -8.8997),CARLOS FERMIN FITZCARRALD+YAUYA,ANCASH,CARLOS FERMIN FITZCARRALD,X,-8.8997,-77.2419,69.44444444444444,30.555555555555557,39.194135944783106,60.805864055216894,74.34681268160242,240.4389027793656,65.4,34.599999999999994,46.599182,53.400818,9.533808080239904,48.287499999999994,-1.4650732845836845,-1.06070173493323,1.0504664677771862,Q3,significativo,3 coldSpot
1182,LLUMPA,POINT (-77.3372 -8.9061),MARISCAL LUZURIAGA+LLUMPA,ANCASH,MARISCAL LUZURIAGA,X,-8.9061,-77.3372,50.666666666666664,49.333333333333336,30.78802384394488,69.21197615605512,75.27480682469546,143.17637578490553,44.7,55.3,55.00272899999999,44.99727100000001,4.637024206976681,49.625,-0.3337497469219527,-0.959424644041681,0.21490389402287194,Q3,significativo,3 coldSpot
1184,LUCMA,POINT (-78.3597 -9.1731),MARISCAL LUZURIAGA+LUCMA,ANCASH,MARISCAL LUZURIAGA,X,-9.1731,-78.3597,48.97959183673469,51.02040816326531,39.55947276672642,60.44052723327358,75.64209012296249,158.03558969302284,39.2,60.8,52.653734,47.346266,5.385126906783997,48.337500000000006,-0.033156536432120645,-1.056915675460648,0.02368283283010704,Q3,significativo,3 coldSpot
1186,SAN NICOLAS,POINT (-77.8631 -8.5106),CARLOS FERMIN FITZCARRALD+SAN NICOLAS,ANCASH,CARLOS FERMIN FITZCARRALD,X,-8.5106,-77.8631,0.0,100.0,25.93040612032043,74.06959387967957,76.59975154000108,197.7742125392101,41.8,58.2,53.174659999999996,46.825340000000004,7.385809528468121,46.6375,-0.17525514502731368,-1.1856416975284105,0.1414631583499665,Q3,significativo,3 coldSpot
1187,LLAMA,POINT (-78.1844 -9.1378),MARISCAL LUZURIAGA+LLAMA,ANCASH,MARISCAL LUZURIAGA,X,-9.1378,-78.1844,86.36363636363636,13.63636363636364,30.13369224099751,69.8663077590025,69.33272769702288,336.2568835330315,75.1,24.900000000000006,45.68181800000001,54.31818199999999,14.357864758819952,43.0125,-1.9952104012657514,-1.4601310092905513,2.005789616972025,Q3,significativo,3 coldSpot
1189,ELEAZAR GUZMAN BARRON,POINT (-77.8456 -8.9617),MARISCAL LUZURIAGA+ELEAZAR GUZMAN BARRON,ANCASH,MARISCAL LUZURIAGA,X,-8.9617,-77.8456,87.5,12.5,49.07487022105309,50.92512977894691,71.63072406440513,258.805347174691,50.2,49.8,50.87729399999999,49.12270600000001,10.458485975246045,45.7625,-0.6343429574117848,-1.2518977382985825,0.5423668447014945,Q3,significativo,3 coldSpot
1192,MUSGA,POINT (-78.4994 -9.2606),MARISCAL LUZURIAGA+MUSGA,ANCASH,MARISCAL LUZURIAGA,X,-9.2606,-78.4994,100.0,0.0,55.91192644380042,44.08807355619958,69.59943787410131,545.8428055747875,72.1,27.900000000000006,52.20089399999999,47.79910600000001,24.90968769444582,43.912499999999994,-1.8312504682712976,-1.3919819387840895,1.7508848070498153,Q3,significativo,3 coldSpot
1196,PISCOBAMBA,POINT (-77.0958 -9.3653),MARISCAL LUZURIAGA+PISCOBAMBA,ANCASH,MARISCAL LUZURIAGA,X,-9.3653,-77.0958,98.14814814814815,1.8518518518518476,55.63143182953387,44.36856817046613,69.45292604881267,644.174012674278,46.6,53.4,31.635650999999996,68.364349,29.860275387799884,43.3125,-0.4375910378184401,-1.437414652455064,0.4327365395974627,Q3,significativo,3 coldSpot
1197,TOURNAVISTA,POINT (-74.7053 -8.9289),PUERTO INCA+TOURNAVISTA,HUANUCO,PUERTO INCA,X,-8.9289,-74.7053,6.818181818181827,93.18181818181817,31.500817462879414,68.49918253712059,72.01893183604759,815.3631032043717,53.7,46.3,26.66691,73.33309,38.47896959295978,44.2,-0.8256295459053143,-1.3702120968167466,0.7764232625892324,Q3,significativo,3 coldSpot
1199,CASCA,POINT (-77.7494 -9.1775),MARISCAL LUZURIAGA+CASCA,ANCASH,MARISCAL LUZURIAGA,X,-9.1775,-77.7494,86.53846153846153,13.461538461538467,46.35952652461156,53.64047347538844,73.791318011724,103.00128238762491,86.6,13.400000000000006,58.03616900000001,41.96383099999999,2.614367017884186,49.425,-2.623723477744491,-0.9745688819320063,1.7181137010040495,Q3,significativo,3 coldSpot
1200,IPARIA,POINT (-74.4378 -9.3064),CORONEL PORTILLO+IPARIA,UCAYALI,CORONEL PORTILLO,ZG,-9.3064,-74.4378,4.285714285714278,95.71428571428572,30.907011801748396,69.0929881982516,74.95805370189206,196.7292967326881,92.7,7.299999999999997,33.710485000000006,66.289515,7.333202146895706,36.075,-2.9571086748332145,-1.9854467611111999,4.0939976435188505,Q3,significativo,3 coldSpot
1202,SAN BUENAVENTURA,POINT (-77.1867 -8.7681),MARANON+SAN BUENAVENTURA,HUANUCO,MARAÑON,X,-8.7681,-77.1867,1.2820512820512704,98.71794871794873,30.30985630317995,69.69014369682006,71.5114497338913,233.0390934834096,43.3,56.7,59.373586,40.626414,9.161256924667681,47.75,-0.2572351115245406,-1.101401874263478,0.1919957200217086,Q3,significativo,3 coldSpot
1203,FIDEL OLIVAS ESCUDERO,POINT (-77.0933 -9.0792),MARISCAL LUZURIAGA+FIDEL OLIVAS ESCUDERO,ANCASH,MARISCAL LUZURIAGA,X,-9.0792,-77.0933,56.41025641025641,43.58974358974359,31.91861477792071,68.08138522207929,70.88543414643797,121.12424973471177,54.0,46.0,64.538085,35.461915000000005,3.5267868056812435,42.1125,-0.8420255392047595,-1.5282800797970142,0.8879077514112081,Q3,significativo,3 coldSpot
1210,QUINUABAMBA,POINT (-76.7611 -9.2053),POMABAMBA+QUINUABAMBA,ANCASH,POMABAMBA,X,-9.2053,-76.7611,31.111111111111114,68.88888888888889,37.15392618592008,62.84607381407992,73.48837915729621,182.27618900389317,53.6,46.4,63.401246,36.598754,6.60554528837166,47.849999999999994,-0.8201642148054991,-1.0938297553183158,0.6076735388906103,Q3,significativo,3 coldSpot
1216,HONORIA,POINT (-74.7089 -8.7694),PUERTO INCA+HONORIA,HUANUCO,PUERTO INCA,X,-8.7694,-74.7089,9.090909090909093,90.9090909090909,39.46144424909142,60.53855575090858,72.54185679013483,513.1963040390931,61.2,38.8,26.66691,73.33309,23.266065354183606,45.7375,-1.235529378391449,-1.2537907680348737,1.0580728060265876,Q3,significativo,3 coldSpot
1224,IRAZOLA,POINT (-75.2139 -8.8289),PADRE ABAD+IRAZOLA,UCAYALI,PADRE ABAD,ZG,-8.8289,-75.2139,18.840579710144922,81.15942028985508,40.104714090131495,59.895285909868505,80.0486469552353,503.5283982386468,59.2,40.8,12.899559999999997,87.10044,22.77932450264733,44.0375,-1.1262227563951464,-1.3825167901026358,1.0691037362392735,Q3,significativo,3 coldSpot
1227,PADRE ABAD,POINT (-75.5128 -9.0375),PADRE ABAD+PADRE ABAD,UCAYALI,PADRE ABAD,ZG,-9.0375,-75.5128,21.621621621621628,78.37837837837837,47.17733765613731,52.82266234386269,77.15122596477397,761.163286392592,47.0,53.0,9.408905,90.591095,35.750223002683946,41.412499999999994,-0.4594523622177005,-1.581284912413152,0.5020654676938973,Q3,significativo,3 coldSpot
1231,MANANTAY,POINT (-74.5378 -8.3981),CORONEL PORTILLO+MANANTAY,UCAYALI,CORONEL PORTILLO,X,-8.3981,-74.5378,55.172413793103445,44.827586206896555,51.418945258319546,48.581054741680454,74.26852852755593,844.511953711721,51.0,49.0,10.445377,89.55462299999999,39.94649902592093,46.3,-0.6780656062103056,-1.2111975989683346,0.559830998549429,Q3,significativo,3 coldSpot
1238,MASISEA,POINT (-74.3097 -8.6025),CORONEL PORTILLO+MASISEA,UCAYALI,CORONEL PORTILLO,ZG,-8.6025,-74.3097,8.888888888888886,91.11111111111111,29.436385883295998,70.563614116704,74.83422310776737,254.39229470203412,91.8,8.200000000000003,32.76884,67.23116,10.23630622269652,39.1125,-2.907920694934878,-1.7554436481518894,3.543156606718828,Q3,significativo,3 coldSpot
1241,JOSE CRESPO Y CASTILLO,POINT (-76.1147 -8.9319),LEONCIO PRADO+JOSE CRESPO Y CASTILLO,HUANUCO,LEONCIO PRADO,X,-8.9319,-76.1147,20.0,80.0,48.83099256769076,51.16900743230924,72.32233236849576,716.252056011431,43.8,56.2,19.090586000000002,80.909414,33.489120032663386,42.05,-0.28456176702361624,-1.533012654137741,0.3010396341828567,Q3,significativo,3 coldSpot
1242,NUEVO PROGRESO,POINT (-76.3253 -8.45),TOCACHE+NUEVO PROGRESO,SAN MARTIN,TOCACHE,ZG,-8.45,-76.3253,22.641509433962256,77.35849056603774,55.6475147891872,44.3524852108128,69.54657069982362,774.5898324684914,57.3,42.7,26.37225,73.62774999999999,36.42619653873895,42.7625,-1.0223814654986587,-1.4790613066534575,1.0417715777331487,Q3,significativo,3 coldSpot
1249,CAMPOVERDE,POINT (-74.8072 -8.4761),CORONEL PORTILLO+CAMPOVERDE,UCAYALI,CORONEL PORTILLO,ZG,-8.4761,-74.8072,39.583333333333336,60.416666666666664,42.047312576916696,57.952687423083304,75.91054080603905,655.5242994288087,59.4,40.6,11.64564,88.35436,30.431717471961083,45.1,-1.1371534185947765,-1.3020630263102841,1.01344649994597,Q3,significativo,3 coldSpot
1251,CURIMANA,POINT (-75.1597 -8.4353),PADRE ABAD+CURIMANA,UCAYALI,PADRE ABAD,ZG,-8.4353,-75.1597,10.0,90.0,40.39776289101322,59.60223710898678,79.56548855294473,459.2097839753201,57.1,42.9,9.014545000000002,90.985455,20.54805741226634,43.175000000000004,-1.0114508032990286,-1.447826316004662,1.0078309652834452,Q3,significativo,3 coldSpot
1258,UCHIZA,POINT (-76.46 -8.4558),TOCACHE+UCHIZA,SAN MARTIN,TOCACHE,ZG,-8.4558,-76.46,73.03370786516854,26.966292134831463,60.215823165820204,39.784176834179796,70.78625691140806,1167.2676655693376,43.4,56.6,19.651139999999998,80.34886,56.19597365573381,36.987500000000004,-0.2627004426243558,-1.9163511757365919,0.3505969908733897,Q3,significativo,3 coldSpot
1272,YARINACOCHA,POINT (-74.5769 -8.355),CORONEL PORTILLO+YARINACOCHA,UCAYALI,CORONEL PORTILLO,X,-8.355,-74.5769,58.97435897435898,41.02564102564102,60.31222796205821,39.68777203794179,74.17370407104559,905.3304073844272,46.9,53.1,7.864359,92.13564099999999,43.00846782669327,44.4375,-0.4539870311178853,-1.352228314321986,0.4210372596702786,Q3,significativo,3 coldSpot
1286,NUEVA REQUENA,POINT (-74.8653 -8.3061),CORONEL PORTILLO+NUEVA REQUENA,UCAYALI,CORONEL PORTILLO,ZG,-8.3061,-74.8653,21.875,78.125,37.97885926704802,62.02114073295198,72.02772843315441,492.92991877057784,53.6,46.4,11.64564,88.35436,22.245732944376307,43.0,-0.8201642148054991,-1.4610775241586968,0.8250732849120104,Q3,significativo,3 coldSpot
1304,POLVORA,POINT (-76.6706 -7.9075),TOCACHE+POLVORA,SAN MARTIN,TOCACHE,ZG,-7.9075,-76.6706,35.71428571428571,64.28571428571429,54.711991352151585,45.288008647848415,68.42760312577339,784.5252791492929,64.6,35.400000000000006,26.37225,73.62774999999999,36.926407016336206,43.075,-1.4213506357851629,-1.4553984349498248,1.4240319766258698,Q3,significativo,3 coldSpot
1318,PADRE MARQUEZ,POINT (-74.8403 -7.9444),UCAYALI+PADRE MARQUEZ,LORETO,UCAYALI,X,-7.9444,-74.8403,12.5,87.5,35.98960530305305,64.01039469694695,72.71268952738454,487.13238387722623,62.4,37.6,52.462303000000006,47.537696999999994,21.95384997312612,46.8625,-1.3011133515892304,-1.1686044299017955,1.034238164779319,Q3,significativo,3 coldSpot
1334,CAMPANILLA,POINT (-76.6528 -7.4814),MARISCAL CACERES+CAMPANILLA,SAN MARTIN,MARISCAL CACERES,X,-7.4814,-76.6528,20.930232558139537,79.06976744186046,38.37925173253443,61.62074826746557,71.6128903553143,415.0925101754232,70.9,29.099999999999994,23.663727,76.336273,18.326927018564167,35.349999999999994,-1.7656664950735166,-2.040344623463629,2.514456171361023,Q3,significativo,3 coldSpot
1347,CALLERIA,POINT (-74.5322 -8.3828),CORONEL PORTILLO+CALLERIA,UCAYALI,CORONEL PORTILLO,ZG,-8.3828,-74.5322,14.516129032258064,85.48387096774194,60.42057392437736,39.57942607562264,73.0016356967691,987.6889044977592,39.1,60.9,6.2298480000000005,93.770152,47.15489269301132,39.125,-0.02769120533230544,-1.7544971332837438,0.03372143749263017,Q3,significativo,3 coldSpot
1355,ALTO BIAVO,POINT (-76.4544 -7.2936),BELLAVISTA+ALTO BIAVO,SAN MARTIN,BELLAVISTA,X,-7.2936,-76.4544,3.448275862068968,96.55172413793103,27.23822500787479,72.76177499212521,74.98976928234718,641.8000744630726,79.5,20.5,39.551615,60.448385,29.74075698016674,37.6375,-2.2356849696576173,-1.8671324025930358,2.904297529496123,Q3,significativo,3 coldSpot
1362,CONTAMANA,POINT (-75.0414 -7.325),UCAYALI+CONTAMANA,LORETO,UCAYALI,X,-7.325,-75.0414,11.25,88.75,49.00458797744146,50.99541202255854,68.37574466960329,719.6599829364557,57.3,42.7,33.352533,66.647467,33.66069568593292,39.975,-1.0223814654986587,-1.6901341222498625,1.1975274112201437,Q3,significativo,3 coldSpot
1364,PAJARILLO,POINT (-76.6881 -7.1789),MARISCAL CACERES+PAJARILLO,SAN MARTIN,MARISCAL CACERES,X,-7.1789,-76.6881,48.78048780487805,51.21951219512195,39.90162614851666,60.09837385148334,73.08921113915697,567.3410535550911,71.3,28.700000000000003,28.645142999999997,71.35485700000001,25.99203952373112,49.224999999999994,-1.7875278194727766,-0.9897131198223316,1.190079913915613,Q3,significativo,3 coldSpot
1368,HUALLAGA,POINT (-76.6489 -7.1292),BELLAVISTA+HUALLAGA,SAN MARTIN,BELLAVISTA,X,-7.1292,-76.6489,32.58426966292134,67.41573033707866,33.51296841526901,66.487031584731,71.96893378750737,551.6845776035454,76.0,24.0,27.622157,72.377843,25.203797830647932,49.8125,-2.044398381164088,-0.9452269210195015,1.2954530509788738,Q3,significativo,3 coldSpot
1376,SACANCHE,POINT (-76.7136 -7.07),HUALLAGA+SACANCHE,SAN MARTIN,HUALLAGA,X,-7.07,-76.7136,56.52173913043478,43.47826086956522,40.01995299410318,59.98004700589682,78.09266300859836,749.0411697784568,56.1,43.9,19.27749,80.72251,35.139922335199806,49.0625,-0.9567974923008773,-1.0020178131082202,0.6455032122056872,Q3,significativo,3 coldSpot
1379,BAJO BIAVO,POINT (-76.4867 -7.1011),BELLAVISTA+BAJO BIAVO,SAN MARTIN,BELLAVISTA,X,-7.1011,-76.4867,22.35294117647058,77.64705882352942,33.216631337669234,66.78336866233076,73.20311821681456,410.12170416052294,79.8,20.200000000000003,20.055194000000004,79.944806,18.076666579286563,47.162499999999994,-2.2520809629570624,-1.1458880730663081,1.7532249077001967,Q3,significativo,3 coldSpot
1383,EL ESLABON,POINT (-76.7436 -7.0031),HUALLAGA+EL ESLABON,SAN MARTIN,HUALLAGA,X,-7.0031,-76.7436,44.44444444444444,55.55555555555556,35.85120789055077,64.14879210944923,75.62541912053165,449.8184382997268,48.2,51.8,19.27749,80.72251,20.07524027010937,49.125,-0.5250363354154822,-0.9972852387674936,0.3524222092903396,Q3,significativo,3 coldSpot
1392,INAHUAYA,POINT (-75.2667 -7.1164),UCAYALI+INAHUAYA,LORETO,UCAYALI,X,-7.1164,-75.2667,25.0,75.0,42.68060555023479,57.31939444976521,66.3885641750334,611.8774142987195,67.1,32.900000000000006,23.491965,76.508035,28.234269288907328,29.775000000000002,-1.557983913280541,-2.462490254656437,2.6934044344866996,Q3,significativo,3 coldSpot
1395,SHAMBOYACU,POINT (-76.1119 -7.0425),PICOTA+SHAMBOYACU,SAN MARTIN,PICOTA,X,-7.0425,-76.1119,12.5,87.5,27.43347360417412,72.56652639582587,77.08021631720757,395.43205367121357,84.8,15.200000000000003,49.681894,50.318106,17.337100727537507,46.325,-2.525347517947819,-1.2093045692320434,2.0815510594144557,Q3,significativo,3 coldSpot
1407,TINGO DE PONASA,POINT (-76.2511 -6.9356),PICOTA+TINGO DE PONASA,SAN MARTIN,PICOTA,X,-6.9356,-76.2511,44.565217391304344,55.434782608695656,44.37893741428722,55.62106258571278,77.91595291724411,828.8689170819158,61.0,39.0,42.391529,57.608471,39.15893394957802,43.349999999999994,-1.2245987161918186,-1.4345751078506286,1.2085035866933924,Q3,significativo,3 coldSpot
1425,PUCACACA,POINT (-76.3417 -6.8506),PICOTA+PUCACACA,SAN MARTIN,PICOTA,X,-6.8506,-76.3417,80.55555555555556,19.444444444444443,55.54005430288239,44.45994569711761,75.76914219484046,885.659351724729,52.8,47.2,16.425664,83.574336,42.01810791007338,48.050000000000004,-0.7764415660069778,-1.0786855174279901,0.5667916684013307,Q3,significativo,3 coldSpot
1427,PAMPA HERMOSA,POINT (-75.2969 -7.195),UCAYALI+PAMPA HERMOSA,LORETO,UCAYALI,X,-7.195,-75.2969,5.555555555555557,94.44444444444444,28.338030535652116,71.66196946434789,71.88425073855963,502.8877416694465,74.5,25.5,51.765525999999994,48.234474000000006,22.747069976127175,35.4875,-1.9624184146668608,-2.02993295991403,2.779900053269798,Q3,significativo,3 coldSpot
1435,VARGAS GUERRA,POINT (-75.1594 -6.9094),UCAYALI+VARGAS GUERRA,LORETO,UCAYALI,X,-6.9094,-75.1594,4.545454545454547,95.45454545454545,43.36128176824482,56.63871823175518,70.54416140505455,569.9923442328457,59.2,40.8,47.783719000000005,52.216280999999995,26.12552153201681,30.237499999999997,-1.1262227563951464,-2.427469204535061,1.9185186115460102,Q3,significativo,3 coldSpot
1437,PILLUANA,POINT (-76.2931 -6.7781),PICOTA+PILLUANA,SAN MARTIN,PICOTA,X,-6.7781,-76.2931,100.0,0.0,35.54563475384473,64.45436524615528,77.77092353237457,465.95889780067773,72.1,27.900000000000006,23.910286,76.089714,20.887848622304627,49.412499999999994,-1.8312504682712976,-0.9755153968001519,1.2004233495811374,Q3,significativo,3 coldSpot
1442,BUENOS AIRES,POINT (-76.3269 -6.7939),PICOTA+BUENOS AIRES,SAN MARTIN,PICOTA,X,-6.7939,-76.3269,31.914893617021278,68.08510638297872,38.554895877891816,61.445104122108184,76.17229275413857,588.9777288344336,62.9,37.1,29.361226000000002,70.638774,27.081360620487654,47.55,-1.328440007088306,-1.1165461121538032,1.0060447637525447,Q3,significativo,3 coldSpot
1444,TRES-UNIDOS,POINT (-76.2311 -6.8064),PICOTA+TRES UNIDOS,SAN MARTIN,PICOTA,X,-6.8064,-76.2311,18.604651162790702,81.3953488372093,24.624987931880387,75.37501206811962,72.65526582306079,476.437123467954,53.0,47.0,38.180087,61.819913,21.415385876923292,38.8125,-0.7873722282066082,-1.7781600049873767,0.9722836134380608,Q3,significativo,3 coldSpot
1450,AGUA BLANCA,POINT (-76.6975 -6.7289),EL DORADO+AGUA BLANCA,SAN MARTIN,EL DORADO,X,-6.7289,-76.6975,29.032258064516128,70.96774193548387,35.122784162840055,64.87721583715995,75.29652617173902,886.90817070037,47.0,53.0,24.533047,75.466953,42.08098101042879,45.525,-0.4594523622177005,-1.2698815207933438,0.3987981546347939,Q3,significativo,3 coldSpot
1453,SAUCE,POINT (-76.2183 -6.6914),SAN MARTIN+SAUCE,SAN MARTIN,SAN MARTIN,X,-6.6914,-76.2183,59.523809523809526,40.476190476190474,39.45417727600206,60.54582272399794,72.8257763467364,607.3631451669996,53.2,46.8,36.312002,63.687998,28.006993677560782,46.7125,-0.7983028904062387,-1.1799626083195391,0.6411051207432164,Q3,significativo,3 coldSpot
1474,SAN JOSE DE SISA,POINT (-76.6931 -6.6136),EL DORADO+SAN JOSE DE SISA,SAN MARTIN,EL DORADO,X,-6.6136,-76.6931,64.86486486486487,35.13513513513513,35.1399705785781,64.8600294214219,74.33284923126352,546.7266026822192,40.6,59.4,36.483045,63.516955,24.954183386226017,41.775,-0.10967117182953237,-1.5538359812369376,0.11767012408995108,Q3,significativo,3 coldSpot
1491,CHAZUTA,POINT (-76.0931 -6.5739),SAN MARTIN+CHAZUTA,SAN MARTIN,SAN MARTIN,X,-6.5739,-76.0931,43.47826086956522,56.52173913043478,37.71758818205102,62.28241181794898,72.86538817821494,288.0664719873825,61.1,38.9,55.390811,44.609189,11.931667975796898,49.75,-1.2300640472916338,-0.949959495360228,0.7836438192111017,Q3,significativo,3 coldSpot
1493,SHATOJA,POINT (-76.7211 -6.5283),EL DORADO+SHATOJA,SAN MARTIN,EL DORADO,X,-6.5283,-76.7211,56.25,43.75,35.32065900319408,64.67934099680592,74.70088283532772,372.26557315747823,41.7,58.3,31.599978,68.400022,16.170759982695586,48.4125,-0.16978981392749887,-1.0512365862517763,0.12058038371821368,Q3,significativo,3 coldSpot
1514,SAPOSOA,POINT (-76.7733 -6.9339),HUALLAGA+SAPOSOA,SAN MARTIN,HUALLAGA,X,-6.9339,-76.7733,28.358208955223887,71.64179104477611,45.98701858494916,54.01298141505084,75.18216151144992,674.0765426320277,46.8,53.2,23.90382,76.09618,31.36574960270713,47.75,-0.4485217000180701,-1.101401874263478,0.3347686333718657,Q3,significativo,3 coldSpot
1527,HUIMBAYOC,POINT (-75.7658 -6.4167),SAN MARTIN+HUIMBAYOC,SAN MARTIN,SAN MARTIN,ZG,-6.4167,-75.7658,15.789473684210535,84.21052631578947,28.486286476373753,71.51371352362625,71.05142105059159,653.9931223669093,77.0,23.0,47.299215,52.700785,30.35462875778192,39.3625,-2.0990516921622393,-1.7365133507889832,2.5289099621539584,Q3,significativo,3 coldSpot
1528,ALTO SAPOSOA,POINT (-76.8139 -6.7658),HUALLAGA+ALTO SAPOSOA,SAN MARTIN,HUALLAGA,X,-6.7658,-76.8139,5.4054054054054035,94.5945945945946,33.32516531850971,66.6748346814903,78.08120420932687,303.6510494980019,79.8,20.200000000000003,23.90382,76.09618,12.716289866506859,45.525,-2.2520809629570624,-1.2698815207933438,1.9547744357659171,Q3,significativo,3 coldSpot
1532,CHIPURANA,POINT (-75.7411 -6.3539),SAN MARTIN+CHIPURANA,SAN MARTIN,SAN MARTIN,ZG,-6.3539,-75.7411,0.0,100.0,29.896080450273995,70.103919549726,67.09670191420312,773.9241019829296,80.2,19.799999999999997,36.80279,63.19721,36.392679639616794,34.537499999999994,-2.2739422873563235,-2.101868089893074,3.3392595005797916,Q3,significativo,3 coldSpot
1538,SAN MARTIN,POINT (-76.7425 -6.5147),EL DORADO+SAN MARTIN,SAN MARTIN,EL DORADO,X,-6.5147,-76.7425,48.0,52.0,28.731758160941368,71.26824183905863,75.09812522044257,378.9001984271388,71.0,29.0,38.942088000000005,61.057911999999995,16.50478714638905,43.175,-1.7711318261733313,-1.4478263160046627,1.7647931982399887,Q3,significativo,3 coldSpot
1554,SANTO DOMINGO DE LA CAPILLA,POINT (-78.4633 -7.1617),CUTERVO+SANTO DOMINGO DE LA CAPILLA,CAJAMARCA,CUTERVO,X,-7.1617,-78.4633,57.142857142857146,42.857142857142854,38.396457618936886,61.603542381063114,81.54140913838565,269.1754478734465,50.3,49.7,66.84112,33.158879999999996,10.980579564986664,50.087500000000006,-0.6398082885115997,-0.9244035939203041,0.3958046850167973,Q3,significativo,3 coldSpot
1558,TABALOSOS,POINT (-76.6333 -6.3856),LAMAS+TABALOSOS,SAN MARTIN,LAMAS,X,-6.3856,-76.6333,46.37681159420289,53.62318840579711,44.75188012112102,55.24811987887898,71.02010551104725,426.0342434715467,52.0,48.0,44.644087,55.355913,18.877800050611302,48.3875,-0.7327189172084569,-1.0531296159880668,0.5213593746282725,Q3,significativo,3 coldSpot
1560,SAN ANDRES DE CUTERVO,POINT (-78.8533 -5.6269),CUTERVO+SAN ANDRES DE CUTERVO,CAJAMARCA,CUTERVO,X,-5.6269,-78.8533,35.71428571428571,64.28571428571429,47.43091823515733,52.56908176484267,75.83069872108004,376.4892754067471,49.0,51.0,56.361401,43.638599,16.383406699769505,49.7625,-0.5687589842140031,-0.9490129804920825,0.36195392716260705,Q3,significativo,3 coldSpot
1561,PAPA-PLAYA,POINT (-75.7903 -6.245),SAN MARTIN+PAPA PLAYA,SAN MARTIN,SAN MARTIN,ZG,-6.245,-75.7903,8.333333333333343,91.66666666666666,21.160565109994298,78.8394348900057,72.58851177369306,575.1892023991685,67.7,32.3,36.80279,63.19721,26.387162803808312,27.125,-1.5907758998794324,-2.663151406703244,2.9804885183068794,Q3,significativo,3 coldSpot
1567,SORITOR,POINT (-77.105 -6.1408),MOYOBAMBA+SORITOR,SAN MARTIN,MOYOBAMBA,X,-6.1408,-77.105,22.727272727272734,77.27272727272727,46.02617740809915,53.97382259190085,73.3551698063197,689.4538596354846,48.5,51.5,33.547863,66.452137,32.13993674593108,47.0125,-0.5414323287149274,-1.1572462514840511,0.4259388907152963,Q3,significativo,3 coldSpot
1573,EL PORVENIR,POINT (-75.7867 -6.215),SAN MARTIN+EL PORVENIR,SAN MARTIN,SAN MARTIN,X,-6.215,-75.7867,7.407407407407405,92.5925925925926,28.443639294795094,71.55636070520491,71.86915832927932,820.3625757664622,65.1,34.900000000000006,36.80279,63.19721,38.73067327960429,34.875,-1.4486772912842385,-2.07631218845315,2.1006452695460567,Q3,significativo,3 coldSpot
1575,ALONSO DE ALVARADO,POINT (-76.77 -6.35),LAMAS+ALONSO DE ALVARADO,SAN MARTIN,LAMAS,X,-6.35,-76.77,75.0,25.0,50.31288029341144,49.68711970658856,71.41266115066519,416.1192158407731,69.5,30.5,28.01036,71.98964000000001,18.37861759149119,44.5625,-1.6891518596761044,-1.3427631656405328,1.555015759438101,Q3,significativo,3 coldSpot
1579,INCAHUASI,POINT (-79.315 -6.2372),FERRENAFE+INCAHUASI,LAMBAYEQUE,FERREÑAFE,X,-6.2372,-79.315,13.274336283185846,86.72566371681415,38.80201541424407,61.19798458575593,77.55879018654133,90.23360641582934,43.7,56.3,53.203898,46.796102,1.9715649878557042,50.125,-0.27909643592380146,-0.9215640493158685,0.17208545666591338,Q3,significativo,3 coldSpot
1582,QUEROCOTILLO,POINT (-78.7389 -6.5617),CUTERVO+QUEROCOTILLO,CAJAMARCA,CUTERVO,X,-6.5617,-78.7389,25.609756097560975,74.39024390243902,53.76867024071715,46.23132975928285,74.59588535012482,233.14797525309496,55.7,44.3,69.150117,30.849883000000005,9.166738691493645,49.537499999999994,-0.9349361679016168,-0.9660502481186987,0.606483229989239,Q3,significativo,3 coldSpot
1588,QUINJALCA,POINT (-77.66 -6.085),CHACHAPOYAS+QUINJALCA,AMAZONAS,CHACHAPOYAS,X,-6.085,-77.66,5.128205128205138,94.87179487179486,52.071676436100354,47.928323563899646,73.32243829290016,494.98085291024677,85.0,15.0,47.119202,52.880798,22.34898937345128,48.2875,-2.536278180147449,-1.0607017349332295,1.8185269018518218,Q3,significativo,3 coldSpot
1590,SANTA CRUZ,POINT (-78.8072 -6.9786),CUTERVO+SANTA CRUZ,CAJAMARCA,CUTERVO,X,-6.9786,-78.8072,62.745098039215684,37.254901960784316,45.661107853248474,54.338892146751526,78.42051839102497,332.2154440730487,65.8,34.2,68.561045,31.438955000000007,14.154394252922641,49.55,-1.4869346089829445,-0.9651037332505532,0.9635429722448453,Q3,significativo,3 coldSpot
1591,CALLAYUC,POINT (-78.9044 -5.3933),CUTERVO+CALLAYUC,CAJAMARCA,CUTERVO,X,-5.3933,-78.9044,20.0,80.0,33.375617175125186,66.62438282487481,75.94590632761323,532.676256693481,55.3,44.7,75.643123,24.356876999999997,24.246803989684732,48.82499999999999,-0.913074843502356,-1.020001595602982,0.6278575958674495,Q3,significativo,3 coldSpot
1592,PINTO RECODO,POINT (-76.6033 -6.3794),LAMAS+PINTO RECODO,SAN MARTIN,LAMAS,X,-6.3794,-76.6033,84.78260869565217,15.217391304347828,34.85857282081872,65.14142717918128,71.8547222471045,479.84344778847606,70.0,30.0,36.142043,63.857957,21.586880845389274,47.2125,-1.71647851517518,-1.1421020135937265,1.33157262591356,Q3,significativo,3 coldSpot
1597,CHILIQUIN,POINT (-77.7392 -6.0778),CHACHAPOYAS+CHILIQUIN,AMAZONAS,CHACHAPOYAS,X,-6.0778,-77.7392,30.232558139534888,69.76744186046511,36.86893174234378,63.13106825765622,72.4601514868895,325.93053088503234,59.1,40.9,53.04566200000001,46.95433799999999,13.83797371055188,44.487500000000004,-1.1207574252953312,-1.3484422548494044,1.0363516953307494,Q3,significativo,3 coldSpot
1603,PIMPINGOS,POINT (-78.5547 -6.2172),CUTERVO+PIMPINGOS,CAJAMARCA,CUTERVO,X,-6.2172,-78.5547,25.641025641025635,74.35897435897436,42.36605887587545,57.63394112412455,76.84602581530338,237.1562113182656,64.7,35.3,60.366620000000005,39.633379999999995,9.368537537674946,49.45,-1.4268159668849785,-0.9726758521957153,0.9323837359875283,Q3,significativo,3 coldSpot
1607,ALTO TAPICHE,POINT (-74.0908 -6.0256),REQUENA+ALTO TAPICHE,LORETO,REQUENA,X,-6.0256,-74.0908,6.666666666666671,93.33333333333333,31.61150891597178,68.38849108402822,72.88293081831277,431.3947903565545,86.7,13.299999999999997,53.765449000000004,46.234550999999996,19.147682402525447,35.587500000000006,-2.6291888088443067,-2.022360840968867,3.7100565837421065,Q3,significativo,3 coldSpot
1608,ASUNCION,POINT (-77.7122 -6.0317),CHACHAPOYAS+ASUNCION,AMAZONAS,CHACHAPOYAS,X,-6.0317,-77.7122,11.111111111111114,88.88888888888889,71.00683150377321,28.993168496226787,71.36455274669044,561.1026337230529,73.4,26.599999999999994,36.519949000000004,63.480050999999996,25.677959738101965,43.0,-1.9022997725688948,-1.4610775241586968,1.913685934972181,Q3,significativo,3 coldSpot
1610,OLLEROS,POINT (-77.6761 -6.0239),CHACHAPOYAS+OLLEROS,AMAZONAS,CHACHAPOYAS,X,-6.0239,-77.6761,0.0,100.0,53.25512362782992,46.74487637217008,71.93832959195329,435.89541196081825,84.3,15.700000000000003,47.9082,52.0918,19.374270914796714,45.225,-2.4980208624487434,-1.2925978776288312,2.2092043247314908,Q3,significativo,3 coldSpot
1615,RECTA,POINT (-77.7861 -5.9194),BONGARA+RECTA,AMAZONAS,BONGARA,X,-5.9194,-77.7861,21.42857142857143,78.57142857142857,26.833029734228496,73.16697026577151,68.9394876750971,473.3343445691657,64.4,35.599999999999994,38.690705,61.309295,21.259173220894382,40.7625,-1.4104199735855332,-1.6305036855567077,1.5913377248808123,Q3,significativo,3 coldSpot
1621,SARAYACU,POINT (-75.1178 -6.3958),UCAYALI+SARAYACU,LORETO,UCAYALI,X,-6.3958,-75.1178,13.235294117647058,86.76470588235294,32.6039494252616,67.39605057473841,70.75402563317331,357.3950628567022,61.1,38.9,50.485569,49.514431,15.422088554158856,27.950000000000003,-1.2300640472916338,-2.600681425405653,2.249194008960284,Q3,significativo,3 coldSpot
1624,CHISQUILLA,POINT (-77.7839 -5.9003),BONGARA+CHISQUILLA,AMAZONAS,BONGARA,X,-5.9003,-77.7839,18.91891891891892,81.08108108108108,77.51764145443788,22.48235854556212,71.54189779859567,797.7511453256975,59.8,40.2,42.24183000000001,57.75816999999999,37.592277112496106,37.074999999999996,-1.1590147429940367,-1.9097255716595753,1.5412651532284614,Q3,significativo,3 coldSpot
1627,NUEVA CAJAMARCA,POINT (-77.3083 -5.94),RIOJA+NUEVA CAJAMARCA,SAN MARTIN,RIOJA,ZG,-5.94,-77.3083,58.92857142857143,41.07142857142857,54.01635312204597,45.98364687795403,73.43778249935497,847.2910954428505,46.0,54.0,28.414229999999996,71.58577,40.086417829503766,49.99999999999999,-0.40479905121954923,-0.9310291979973222,0.2523567056204836,Q3,significativo,3 coldSpot
1628,TENIENTE CESAR LOPEZ ROJAS,POINT (-75.8742 -6.0272),ALTO AMAZONAS+TENIENTE CESAR LOPEZ ROJAS,LORETO,ALTO AMAZONAS,X,-6.0272,-75.8742,5.882352941176478,94.11764705882352,20.056236492537007,79.94376350746299,73.26316688443328,388.61141222824006,86.9,13.099999999999994,33.03193099999999,66.96806900000001,16.99370838461426,30.650000000000002,-2.640119471043937,-2.396234213886266,4.437919023702482,Q3,significativo,3 coldSpot
1630,COROSHA,POINT (-77.84 -5.8294),BONGARA+COROSHA,AMAZONAS,BONGARA,X,-5.8294,-77.84,86.66666666666667,13.333333333333329,41.841334500830875,58.158665499169125,73.30360352229191,669.1598088661374,83.8,16.200000000000003,54.796368,45.203632,31.118211487485095,46.5,-2.4706942069496676,-1.1960533610780093,2.0128718123800002,Q3,significativo,3 coldSpot
1637,AWAJUN,POINT (-77.3822 -5.8139),RIOJA+AWAJUN,SAN MARTIN,RIOJA,X,-5.8139,-77.3822,78.94736842105263,21.05263157894737,34.287308240418106,65.7126917595819,73.80303880571165,481.32729950413943,65.3,34.7,31.355645000000003,68.64435499999999,21.661586915405202,49.675,-1.4596079534838688,-0.9556385845691001,0.9358635768018649,Q3,significativo,3 coldSpot
1642,TAPICHE,POINT (-74.1886 -5.6644),REQUENA+TAPICHE,LORETO,REQUENA,X,-5.6644,-74.1886,0.0,100.0,29.974038304872273,70.02596169512773,72.88402139746675,516.5373463057992,71.8,28.200000000000003,42.395171999999995,57.604828000000005,23.43427362922081,31.1875,-1.8148544749718523,-2.3555340745560174,2.9973731947897577,Q3,significativo,3 coldSpot
1643,SOPLIN,POINT (-73.6911 -6.005),REQUENA+SOPLIN,LORETO,REQUENA,X,-6.005,-73.6911,14.285714285714292,85.71428571428571,25.103257080330533,74.89674291966946,76.28295425756059,353.147740816696,70.8,29.200000000000003,48.16221,51.83779,15.208252673961722,31.0625,-1.760201163973701,-2.3649992232374704,2.9191341073611237,Q3,significativo,3 coldSpot
1646,YURIMAGUAS,POINT (-76.1094 -5.8944),ALTO AMAZONAS+YURIMAGUAS,LORETO,ALTO AMAZONAS,X,-5.8944,-76.1094,26.77165354330708,73.22834645669292,43.55711147092246,56.44288852907754,73.44801691859676,835.2874573553797,53.5,46.5,31.736867000000004,68.263133,39.48208208763513,33.5,-0.8146988837056839,-2.1804288239491347,1.2425721601044664,Q3,significativo,3 coldSpot
1648,MAQUIA,POINT (-74.5503 -5.7892),REQUENA+MAQUIA,LORETO,REQUENA,X,-5.7892,-74.5503,8.510638297872347,91.48936170212765,21.237634932524532,78.76236506747547,76.81422284507657,454.9724355422361,73.2,26.799999999999997,53.192346,46.807654,20.334723663764155,31.787499999999998,-1.8913691103692645,-2.3101013608850427,3.0617213104550043,Q3,significativo,3 coldSpot
1653,CRISTO NOS VALGA,POINT (-80.7414 -5.4939),SECHURA+CRISTO NOS VALGA,PIURA,SECHURA,X,-5.4939,-80.7414,58.33333333333333,41.66666666666667,55.374588951304105,44.625411048695895,71.12284878359286,581.5384507227678,64.7,35.3,34.470296000000005,65.529704,26.706822366016848,39.5875,-1.4268159668849785,-1.7194760831623674,1.7014636239338532,Q3,significativo,3 coldSpot
1654,SECHURA,POINT (-80.8217 -5.5567),SECHURA+SECHURA,PIURA,SECHURA,X,-5.5567,-80.8217,37.2093023255814,62.7906976744186,57.86687952143938,42.13312047856062,72.15814961491549,781.8218439197168,44.6,55.4,25.8038,74.1962,36.79029973593053,40.68749999999999,-0.3282844158221375,-1.6361827747655802,0.3717398355745803,Q3,significativo,3 coldSpot
1655,EMILIO SAN MARTIN,POINT (-74.2864 -5.7936),REQUENA+EMILIO SAN MARTIN,LORETO,REQUENA,X,-5.7936,-74.2864,12.5,87.5,31.70937736462804,68.29062263537196,78.13410747728815,280.3698113093327,73.0,27.0,54.243283,45.756717,11.544171526230045,32.7125,-1.880438448169634,-2.2400592606422896,2.9489626372851516,Q3,significativo,3 coldSpot
1657,RINCONADA-LLICUAR,POINT (-80.7614 -5.4572),SECHURA+RINCONADA LLICUAR,PIURA,SECHURA,X,-5.4572,-80.7614,100.0,0.0,70.78605526070722,29.213944739292785,74.16786315476193,703.6956588502704,42.6,57.4,25.8038,74.1962,32.85695505582127,35.599999999999994,-0.21897779382583493,-2.0214143261007225,0.30885065418365554,Q3,significativo,3 coldSpot
1658,PARDO MIGUEL,POINT (-77.5025 -5.7381),RIOJA+PARDO MIGUEL,SAN MARTIN,RIOJA,ZG,-5.7381,-77.5025,43.39622641509434,56.60377358490566,48.94523443220634,51.05476556779366,74.01814372927417,594.0921143791977,66.0,34.0,36.606849000000004,63.393150999999996,27.33884972169801,34.912499999999994,-1.497865271182575,-2.0734726438487145,2.168900112559269,Q3,significativo,3 coldSpot
1659,BALSAPUERTO,POINT (-76.5597 -5.8314),ALTO AMAZONAS+BALSAPUERTO,LORETO,ALTO AMAZONAS,X,-5.8314,-76.5597,3.960396039603964,96.03960396039604,11.974432792661998,88.025567207338,72.83180566089356,280.4421195297657,95.8,4.200000000000003,53.362776999999994,46.637223000000006,11.547811959382074,33.5,-3.126533938927483,-2.1804288239491347,4.768564322148386,Q3,significativo,3 coldSpot
1661,BERNAL,POINT (-80.7422 -5.4608),SECHURA+BERNAL,PIURA,SECHURA,X,-5.4608,-80.7422,82.35294117647058,17.64705882352942,54.6318737514479,45.3681262485521,72.77752189696822,625.1630507505248,55.3,44.7,33.41422,66.58578,28.90314858223418,37.1875,-0.913074843502356,-1.9012069378462673,1.2085986772781074,Q3,significativo,3 coldSpot
1664,EL TALLAN,POINT (-80.68 -5.4128),PIURA+EL TALLAN,PIURA,PIURA,X,-5.4128,-80.68,69.23076923076923,30.769230769230774,43.02992058288998,56.97007941711002,74.2499540116052,511.742132828135,90.4,9.599999999999994,40.703036,59.296964,23.19285358028852,42.8,-2.831406059537467,-1.4762217620490221,2.87930250497831,Q3,significativo,3 coldSpot
1666,SANTA CRUZ,POINT (-75.8572 -5.5125),ALTO AMAZONAS+SANTA CRUZ,LORETO,ALTO AMAZONAS,X,-5.5125,-75.8572,18.604651162790702,81.3953488372093,14.318995765104548,85.68100423489545,74.40273629785565,326.29878685884603,85.5,14.5,43.891935,56.108065,13.856513943563785,29.275,-2.563604835646525,-2.5003508493822504,4.501952003746708,Q3,significativo,3 coldSpot
1668,VICE,POINT (-80.7767 -5.4231),SECHURA+VICE,PIURA,SECHURA,X,-5.4231,-80.7767,90.9090909090909,9.090909090909093,57.15393862397758,42.84606137602242,72.18782112824292,544.340202434044,44.4,55.6,33.41422,66.58578,24.834037564278773,35.824999999999996,-0.3173537536225071,-2.0043770584741067,0.44369957528806814,Q3,significativo,3 coldSpot
1672,CURA MORI,POINT (-80.6656 -5.325),PIURA+CURA MORI,PIURA,PIURA,X,-5.325,-80.6656,85.0,15.0,51.41409818066682,48.58590181933318,75.58814012425684,497.9705387314675,84.5,15.5,31.86693,68.13307,22.49950823994455,47.224999999999994,-2.508951524648374,-1.1411554987255816,1.9446261881346874,Q3,significativo,3 coldSpot
1678,LA ARENA,POINT (-80.7108 -5.3464),PIURA+LA ARENA,PIURA,PIURA,X,-5.3464,-80.7108,92.5925925925926,7.407407407407405,50.46633746500447,49.53366253499553,77.82903686752694,602.6826383081411,73.5,26.5,38.073701,61.926299,27.771348653589097,43.4375,-1.9077651036687095,-1.427949503773611,1.8735677438683793,Q3,significativo,3 coldSpot
1686,CATACAOS,POINT (-80.6764 -5.2697),PIURA+CATACAOS,PIURA,PIURA,X,-5.2697,-80.6764,71.05263157894737,28.94736842105263,62.515858390410315,37.484141609589685,78.14388603810477,731.8176685454189,56.8,43.2,31.86693,68.13307,34.27278711174552,45.675,-0.995054809999583,-1.2585233423756002,0.8555360509253037,Q3,significativo,3 coldSpot
1687,CAPELO,POINT (-74.1592 -5.4072),REQUENA+CAPELO,LORETO,REQUENA,X,-5.4072,-74.1592,14.285714285714292,85.71428571428571,36.570176981222254,63.429823018777746,73.24577140373863,406.6621166058719,56.4,43.6,56.601161,43.398839,17.90249001746721,33.5625,-0.9731934856003226,-2.175696249608408,1.4809825819474238,Q3,significativo,3 coldSpot
1688,YAMBRASBAMBA,POINT (-77.9772 -5.6908),BONGARA+YAMBRASBAMBA,AMAZONAS,BONGARA,X,-5.6908,-77.9772,30.909090909090907,69.0909090909091,35.146537687150676,64.85346231284933,70.76942119555912,540.5432655816392,67.0,33.0,43.859279,56.140721,24.64287679845049,42.33749999999999,-1.5525185821807264,-1.5112428121703991,1.6180244500909304,Q3,significativo,3 coldSpot
1690,PUINAHUA,POINT (-74.3433 -5.2533),REQUENA+PUINAHUA,LORETO,REQUENA,X,-5.2533,-74.3433,20.0,80.0,36.289620761740984,63.710379238259016,76.32794496902058,280.5410797471036,59.1,40.9,42.370982999999995,57.629017000000005,11.552794215255217,29.6875,-1.1207574252953312,-2.469115858733455,1.942897636279416,Q3,significativo,3 coldSpot
1697,JEBEROS,POINT (-76.2836 -5.2939),ALTO AMAZONAS+JEBEROS,LORETO,ALTO AMAZONAS,X,-5.2939,-76.2836,3.7037037037037095,96.29629629629629,17.07807089846506,82.92192910153494,73.43815408996663,409.7820240315375,86.6,13.400000000000006,36.055512,63.944488,18.059565027136077,20.8125,-2.623723477744491,-3.141141415116627,5.821008151480455,Q3,significativo,3 coldSpot
1698,YAQUERANA,POINT (-72.8761 -5.1494),REQUENA+YAQUERANA,LORETO,REQUENA,X,-5.1494,-72.8761,5.26315789473685,94.73684210526315,46.643471220227056,53.356528779772944,72.20377253542117,260.3962586016336,63.9,36.1,48.456936999999996,51.543063000000004,10.538582078647575,30.9625,-1.383093318086457,-2.372571342182633,2.301293984321898,Q3,significativo,3 coldSpot
1702,REQUENA,POINT (-73.8525 -5.0589),REQUENA+REQUENA,LORETO,REQUENA,X,-5.0589,-73.8525,14.583333333333343,85.41666666666666,43.96348888885473,56.03651111114527,73.55177816567003,643.2969119667289,67.4,32.599999999999994,43.212773999999996,56.787226000000004,29.81611683329103,35.7875,-1.574379906579987,-2.0072166030785423,2.2044034147527283,Q3,significativo,3 coldSpot
1711,CAHUAPANAS,POINT (-76.9858 -5.2711),DATEM DEL MARANON+CAHUAPANAS,LORETO,DATEM DEL MARAÑON,X,-5.2711,-76.9858,0.0,100.0,12.384124097088895,87.6158759029111,69.06626821162014,187.63483306872496,99.4,0.5999999999999943,51.174662999999995,48.825337000000005,6.875331840809482,43.225,-3.323285858520828,-1.4440402565320811,3.302310864135714,Q3,significativo,3 coldSpot
1720,JENARO HERRERA,POINT (-73.6728 -4.9053),REQUENA+JENARO HERRERA,LORETO,REQUENA,X,-4.9053,-73.6728,28.57142857142857,71.42857142857143,26.40831937502661,73.59168062497339,75.53112756949503,286.53338264116945,76.2,23.799999999999997,51.244659,48.755341,11.85448298565948,37.1,-2.0553290433637184,-1.9078325419232844,2.730381328934905,Q3,significativo,3 coldSpot
1733,IMAZA,POINT (-78.2903 -5.16),BAGUA+IMAZA,AMAZONAS,BAGUA,ZG,-5.16,-78.2903,11.949685534591197,88.0503144654088,31.29571856943457,68.70428143056543,73.06586348789934,309.13989064421236,88.4,11.599999999999994,53.94968999999999,46.05031000000001,12.992631327480805,48.3375,-2.7220994375411642,-1.0569156754606484,1.9443232877532752,Q3,significativo,3 coldSpot
1735,AYABACA,POINT (-79.7161 -4.6392),AYABACA+AYABACA,PIURA,AYABACA,ZG,-4.6392,-79.7161,30.830039525691703,69.1699604743083,43.757471697442625,56.242528302557375,66.90211585726183,310.42091029652033,43.9,56.1,53.034565,46.965435,13.057125604656147,48.97500000000001,-0.29002709812343147,-1.0086434171852368,0.197053673636273,Q3,significativo,3 coldSpot
1736,SAQUENA,POINT (-73.5333 -4.7261),REQUENA+SAQUENA,LORETO,REQUENA,X,-4.7261,-73.5333,17.64705882352942,82.35294117647058,31.63698152589601,68.363018474104,76.29748276387295,388.3024549999797,50.0,50.0,52.66379500000001,47.33620499999999,16.978153609104883,36.887499999999996,-0.6234122952121544,-1.923923294681755,0.8354060374062641,Q3,significativo,3 coldSpot
1737,NIEVA,POINT (-77.8672 -4.5947),CONDORCANQUI+NIEVA,AMAZONAS,CONDORCANQUI,ZG,-4.5947,-77.8672,7.913669064748191,92.08633093525181,33.66065649094236,66.33934350905764,66.03882361130101,331.1743665720801,85.7,14.299999999999997,51.406262000000005,48.593737999999995,14.101980114866672,30.8125,-2.5745354978461554,-2.3839295206003768,4.304810521101623,Q3,significativo,3 coldSpot
1741,BARRANCA,POINT (-76.5642 -4.8219),DATEM DEL MARANON+BARRANCA,LORETO,DATEM DEL MARAÑON,X,-4.8219,-76.5642,5.26315789473685,94.73684210526315,32.310291337990485,67.68970866200951,72.83909124086414,690.5287793618941,71.2,28.799999999999997,38.104364000000004,61.895635999999996,32.19405470630069,27.374999999999996,-1.7820624883729619,-2.6442211093403376,3.31453546440418,Q3,significativo,3 coldSpot
1743,MANSERICHE,POINT (-77.4183 -4.565),DATEM DEL MARANON+MANSERICHE,LORETO,DATEM DEL MARAÑON,X,-4.565,-77.4183,3.773584905660371,96.22641509433963,26.230025666200415,73.76997433379958,72.33305434105145,482.26181023116493,74.1,25.900000000000006,49.520928,50.479072,21.70863583752246,16.25,-1.9405570902676001,-3.486619341989666,4.789220267671067,Q3,significativo,3 coldSpot
1748,PARINARI,POINT (-74.4844 -4.56),LORETO+PARINARI,LORETO,LORETO,X,-4.56,-74.4844,34.48275862068965,65.51724137931035,29.682737448185836,70.31726255181417,72.52979259415551,374.2091615166843,54.6,45.4,49.068619000000005,50.931380999999995,16.26861197593204,29.362499999999997,-0.8748175258036504,-2.4937252453052334,1.5320854301097222,Q3,significativo,3 coldSpot
1750,YAVARI,POINT (-70.0408 -4.3567),MARISCAL RAMON CASTILLA+YAVARI,LORETO,MARISCAL RAMON CASTILLA,ZG,-4.3567,-70.0408,6.557377049180317,93.44262295081968,22.74124580470921,77.25875419529079,69.51540240974859,502.9976635961969,50.4,49.6,46.146614,53.853386,22.752604110750884,35.787499999999994,-0.6452736196114148,-2.0072166030785428,0.9034943628131157,Q3,significativo,3 coldSpot
1751,NAUTA,POINT (-73.5261 -4.4567),LORETO+NAUTA,LORETO,LORETO,ZG,-4.4567,-73.5261,16.666666666666657,83.33333333333334,48.188038543269435,51.811961456730565,71.77012088672994,598.433757782486,65.5,34.5,41.639253,58.360747,27.55743430979835,43.25,-1.4705386156834994,-1.4421472267957907,1.4592480326111117,Q3,significativo,3 coldSpot
1753,FERNANDO LORES,POINT (-73.1525 -4.0064),MAYNAS+FERNANDO LORES,LORETO,MAYNAS,X,-4.0064,-73.1525,14.173228346456696,85.8267716535433,34.06041847041194,65.93958152958805,74.86781462263035,349.9013702897264,78.2,21.799999999999997,49.219241,50.780759,15.044810746897587,47.025000000000006,-2.164635665360021,-1.1562997366159058,1.7014163944346035,Q3,significativo,3 coldSpot
1754,SAN JUAN BAUTISTA,POINT (-73.2864 -3.7742),MAYNAS+SAN JUAN BAUTISTA,LORETO,MAYNAS,X,-3.7742,-73.2864,32.60869565217391,67.3913043478261,55.49705098903474,44.50294901096526,72.90307998335238,1057.596132242517,50.0,50.0,21.201507,78.79849300000001,50.6744453514012,44.525,-0.6234122952121544,-1.3456027102449688,0.5751846044470883,Q3,significativo,3 coldSpot
1756,LAGUNAS,POINT (-75.6775 -5.23),ALTO AMAZONAS+LAGUNAS,LORETO,ALTO AMAZONAS,X,-5.23,-75.6775,11.111111111111114,88.88888888888889,28.846293951672866,71.15370604832714,74.47341698706893,409.0527787570711,81.5,18.5,43.900725,56.099275,18.022850409389573,20.05,-2.34499159165392,-3.198878822073491,5.30033515507019,Q3,significativo,3 coldSpot
1762,BELEN,POINT (-73.2444 -3.7644),MAYNAS+BELEN,LORETO,MAYNAS,X,-3.7644,-73.2444,38.23529411764706,61.76470588235294,53.44391779748307,46.55608220251693,72.41445562653223,973.5956743426707,47.3,52.7,26.466031,73.533969,46.44535424816344,42.7875,-0.47584835551714577,-1.477168276917167,0.4842229538545708,Q3,significativo,3 coldSpot
1764,URARINAS,POINT (-74.7597 -4.5333),LORETO+URARINAS,LORETO,LORETO,X,-4.5333,-74.7597,10.416666666666657,89.58333333333334,18.030605774977403,81.9693942250226,73.04276357697081,239.967654024344,73.5,26.5,50.106167,49.893833,9.510082567699843,25.887500000000003,-1.9077651036687095,-2.75685637864963,3.7034304194834524,Q3,significativo,3 coldSpot
1769,INDIANA,POINT (-73.0444 -3.4983),MAYNAS+INDIANA,LORETO,MAYNAS,X,-3.4983,-73.0444,21.66666666666667,78.33333333333333,32.261813531990974,67.73818646800902,76.24866079569011,404.4097107876819,65.1,34.900000000000006,49.991401,50.008599,17.789090285552106,46.199999999999996,-1.4486772912842385,-1.218769717913497,1.2039882752200024,Q3,significativo,3 coldSpot
1771,EL CENEPA,POINT (-78.1592 -4.4503),CONDORCANQUI+EL CENEPA,AMAZONAS,CONDORCANQUI,ZG,-4.4503,-78.1592,2.4691358024691397,97.53086419753086,34.45140692321352,65.54859307678649,70.04706755963505,166.5953670474873,91.1,8.900000000000006,62.912380999999996,37.087619000000004,5.816077870154016,30.412499999999994,-2.869663377236172,-2.4142179963810273,4.861020433241808,Q3,significativo,3 coldSpot
1772,PUNCHANA,POINT (-73.2447 -3.7289),MAYNAS+PUNCHANA,LORETO,MAYNAS,X,-3.7289,-73.2447,42.622950819672134,57.377049180327866,53.96567614691405,46.03432385308595,75.09964516635742,996.7055119355157,40.3,59.7,19.519822,80.480178,47.608843245779354,38.2,-0.09327517853008675,-1.8245392335264967,0.11830290175299986,Q3,significativo,3 coldSpot
1773,SAN PABLO,POINT (-71.1022 -4.0164),MARISCAL RAMON CASTILLA+SAN PABLO,LORETO,MARISCAL RAMON CASTILLA,ZG,-4.0164,-71.1022,11.904761904761912,88.09523809523809,25.894235630172304,74.1057643698277,69.68487440421978,529.3884665298973,67.2,32.8,48.678105,51.321895,24.081276747598707,35.83749999999999,-1.5634492443803567,-2.003430543605962,2.1848262184878204,Q3,significativo,3 coldSpot
1774,RAMON CASTILLA,POINT (-70.5178 -3.9078),MARISCAL RAMON CASTILLA+RAMON CASTILLA,LORETO,MARISCAL RAMON CASTILLA,ZG,-3.9078,-70.5178,8.0,92.0,34.129020535732174,65.87097946426783,68.8772806577722,573.4170487540275,62.9,37.1,36.949764,63.050236,26.29794187095135,34.5125,-1.328440007088306,-2.103761119629364,1.9526147834815983,Q3,significativo,3 coldSpot
1775,PASTAZA,POINT (-76.5981 -4.6442),DATEM DEL MARANON+PASTAZA,LORETO,DATEM DEL MARAÑON,X,-4.6442,-76.5981,3.4090909090909065,96.5909090909091,17.93764497925235,82.06235502074765,71.62850996258837,320.90074298464896,73.0,27.0,42.961240000000004,57.038759999999996,13.584743766424124,16.825,-1.880438448169634,-3.4430796580549816,4.581755763342711,Q3,significativo,3 coldSpot
1776,RIO SANTIAGO,POINT (-77.7658 -4.0106),CONDORCANQUI+RIO SANTIAGO,AMAZONAS,CONDORCANQUI,ZG,-4.0106,-77.7658,5.4054054054054035,94.5945945945946,33.95593899351361,66.04406100648639,64.36874405218774,121.65347819440429,94.2,5.799999999999997,59.872335,40.127665,3.5534313672279727,17.175,-3.039088641330441,-3.4165772417469134,7.3467148502927255,Q3,significativo,3 coldSpot
1777,LAS AMAZONAS,POINT (-72.7689 -3.4136),MAYNAS+LAS AMAZONAS,LORETO,MAYNAS,X,-3.4136,-72.7689,10.389610389610397,89.6103896103896,22.64463705248171,77.35536294751829,74.9751633597205,313.2782444702318,73.7,26.299999999999997,50.825355,49.174645,13.20098108872301,46.824999999999996,-1.9186957658683401,-1.1714439745062315,1.5290787987928411,Q3,significativo,3 coldSpot
1778,PEBAS,POINT (-71.8631 -3.3192),MARISCAL RAMON CASTILLA+PEBAS,LORETO,MARISCAL RAMON CASTILLA,ZG,-3.3192,-71.8631,10.526315789473685,89.47368421052632,36.00561852222302,63.99438147777698,69.5289893288973,396.97814804963906,69.3,30.700000000000003,49.782274,50.217726,17.41494046965369,39.175,-1.678221197476474,-1.7507110738111629,2.039096463535452,Q3,significativo,3 coldSpot
1779,MORONA,POINT (-77.2147 -4.3247),DATEM DEL MARANON+MORONA,LORETO,DATEM DEL MARAÑON,X,-4.3247,-77.2147,1.2658227848101262,98.73417721518987,22.662213610848216,77.33778638915179,76.94230827161932,277.5179987849165,82.7,17.299999999999997,40.1,59.9,11.400594035384811,17.2,-2.4105755648517015,-3.414684212010622,5.824049147463147,Q3,significativo,3 coldSpot
1780,ANDOAS,POINT (-76.4344 -3.475),DATEM DEL MARANON+ANDOAS,LORETO,DATEM DEL MARAÑON,X,-3.475,-76.4344,3.225806451612897,96.7741935483871,18.290978871985118,81.70902112801488,75.78556025889644,333.88847618533407,96.4,3.5999999999999943,47.483688,52.516312,14.238624808307629,21.85,-3.1593259255263746,-3.062580681060566,6.83015619577334,Q3,significativo,3 coldSpot
1781,ALTO NANAY,POINT (-73.7003 -3.8869),MAYNAS+ALTO NANAY,LORETO,MAYNAS,X,-3.8869,-73.7003,4.0,96.0,28.202073360261966,71.79792663973804,76.80940369359257,350.1037347650821,79.7,20.299999999999997,48.637013,51.362987,15.0549989985302,42.85,-2.2466156318572477,-1.4724357025764405,2.2784804346872334,Q3,significativo,3 coldSpot
1782,TROMPETEROS,POINT (-75.0597 -3.8028),LORETO+TROMPETEROS,LORETO,LORETO,X,-3.8028,-75.0597,4.761904761904773,95.23809523809523,24.70616330312796,75.29383669687203,71.20024071800393,719.6164977695325,76.7,23.299999999999997,36.777302,63.222698,33.658506379622516,19.9375,-2.082655698862794,-3.207397455886799,4.720188059576099,Q3,significativo,3 coldSpot
1783,MAZAN,POINT (-73.1142 -3.4978),MAYNAS+MAZAN,LORETO,MAYNAS,ZG,-3.4978,-73.1142,10.526315789473685,89.47368421052632,30.624913398910255,69.37508660108975,73.94665494345242,320.36944892594045,79.2,20.799999999999997,51.315124,48.684876,13.557995210129748,44.825,-2.2192889763581722,-1.322886353409481,2.0112154984472888,Q3,significativo,3 coldSpot
1784,TIGRE,POINT (-74.6903 -3.5503),LORETO+TIGRE,LORETO,LORETO,X,-3.5503,-74.6903,10.204081632653057,89.79591836734694,28.550380563766968,71.44961943623304,71.76510532636192,401.4962865814614,69.5,30.5,50.836792,49.163208,17.642410890004342,17.074999999999996,-1.6891518596761044,-3.4241493606920756,4.092599690188782,Q3,significativo,3 coldSpot
1785,NAPO,POINT (-73.6806 -2.4936),MAYNAS+NAPO,LORETO,MAYNAS,ZG,-2.4936,-73.6806,4.444444444444443,95.55555555555556,23.381946075685654,76.61805392431435,74.04582970440016,366.45068660896345,84.2,15.799999999999997,48.190349999999995,51.809650000000005,15.878003424177995,29.262500000000003,-2.4925555313489287,-2.5012973642503953,4.378884996759793,Q3,significativo,3 coldSpot
1786,YAGUAS,POINT (-71.1836 -2.4114),PUTUMAYO+YAGUAS,LORETO,MAYNAS,ZG,-2.4114,-71.1836,0.0,100.0,27.25114431224937,72.74885568775063,76.62827220555434,1181.8786331064473,66.4,33.599999999999994,60.889179,39.110821,56.93157813177797,38.81249999999999,-1.5197265955818358,-1.7781600049873771,1.876628629835927,Q3,significativo,3 coldSpot
1787,TORRES CAUSANA,POINT (-75.1814 -0.9642),MAYNAS+TORRES CAUSANA,LORETO,MAYNAS,ZG,-0.9642,-75.1814,0.0,100.0,13.895067946151075,86.10493205384893,73.89603564952745,249.78261979346584,92.2,7.799999999999997,47.903467000000006,52.096532999999994,10.00422730750908,25.7125,-2.9297820193341386,-2.7701075868036646,5.715432199531048,Q3,significativo,3 coldSpot
1788,TENIENTE MANUEL CLAVERO,POINT (-74.6753 -0.3783),PUTUMAYO+TENIENTE MANUEL CLAVERO,LORETO,MAYNAS,ZG,-0.3783,-74.6753,2.631578947368425,97.36842105263158,17.24415430548483,82.75584569451517,76.59623971947326,432.59484020729093,78.0,22.0,42.368012,57.631988,19.20810017016717,23.937499999999996,-2.1537050031603906,-2.904512698080299,4.4103877162996055,Q3,significativo,3 coldSpot
1790,PUTUMAYO,POINT (-72.6556 -2.4497),PUTUMAYO+PUTUMAYO,LORETO,MAYNAS,ZG,-2.4497,-72.6556,3.448275862068968,96.55172413793103,34.90340702066674,65.09659297933325,75.81917201781495,826.3926670072788,53.6,46.4,39.50526,60.49474,39.034264543935905,41.3125,-0.8201642148054991,-1.5888570313583141,0.9007149491204872,Q3,significativo,3 coldSpot
1791,ROSA PANDURO,POINT (-73.4078 -1.7964),PUTUMAYO+ROSA PANDURO,LORETO,MAYNAS,ZG,-1.7964,-73.4078,0.0,100.0,12.839036581747369,87.16096341825263,78.31693461144081,725.6052954216022,73.4,26.599999999999994,37.402503,62.597497,33.960018674944244,27.912500000000005,-1.9022997725688948,-2.6035209700100888,3.4822877620456545,Q3,significativo,3 coldSpot
1792,CANAYRE,POINT (-73.2939 -15.1631),HUANTA+CANAYRE,AYACUCHO,HUANTA,ZG,-15.1631,-73.2939,40.0,60.0,52.712328456246325,47.287671543753675,73.47276298195827,437.01053734935164,75.8,24.200000000000003,43.483245,56.516755,19.430413071370005,39.725,-2.033467718964457,-1.7090644196127687,2.409608543915668,Q3,significativo,3 coldSpot
1801,NESHUYA,POINT (-74.9644 -8.6392),PADRE ABAD+NESHUYA,UCAYALI,PADRE ABAD,X,-8.6392,-74.9644,20.689655172413794,79.3103448275862,45.8834274326626,54.1165725673374,82.51053870089717,697.9074759093293,60.7,39.3,11.946856999999998,88.053143,32.565542918418004,43.724999999999994,-1.2082027228923733,-1.4061796618062692,1.1675609843080523,Q3,significativo,3 coldSpot
1802,ALEXANDER VON HUMBOLDT,POINT (-75.0522 -8.8264),PADRE ABAD+ALEXANDER VON HUMBOLDT,UCAYALI,PADRE ABAD,X,-8.8264,-75.0522,78.57142857142857,21.42857142857143,43.11969663952387,56.88030336047613,83.85372007145196,662.652378856777,55.0,45.0,12.899559999999997,87.10044,30.79058810249902,44.1875,-0.8966788502029108,-1.3711586116848922,0.8438507157045215,Q3,significativo,3 coldSpot
1804,VIZCATAN DEL ENE,POINT (-74.0158 -12.2153),SATIPO+VIZCATAN DEL ENE,JUNIN,SATIPO,ZG,-12.2153,-74.0158,2.941176470588232,97.05882352941177,53.43768284350669,46.56231715649331,77.18666152342945,497.96826162653053,89.0,11.0,28.28469,71.71531,22.49939359670961,42.0,-2.7548914241400544,-1.5367987136103218,2.9219446879407696,Q3,significativo,3 coldSpot
1805,VILLA KINTIARINA,POINT (-71.5714 -14.035),LA CONVENCION+VILLA KINTIARINA,CUSCO,LA CONVENCION,X,-14.035,-71.5714,11.111111111111114,88.88888888888889,52.48645366336475,47.51354633663525,72.53771400927565,349.12109125392556,76.2,23.799999999999997,41.338265,58.661735,15.005526780942512,44.0,-2.0553290433637184,-1.3853563347070719,1.9553006208025232,Q3,significativo,3 coldSpot
1807,LA MORADA,POINT (-76.2497 -8.7933),MARANON+LA MORADA,HUANUCO,MARAÑON,X,-8.7933,-76.2497,12.5,87.5,52.35097110610642,47.64902889389358,69.69177354792248,790.5380840726359,67.0,33.0,29.27597,70.72403,37.2291279828949,44.212500000000006,-1.5525185821807264,-1.369265581948601,1.4589301733990576,Q3,significativo,3 coldSpot
1811,PUCAYACU,POINT (-76.1253 -8.7492),LEONCIO PRADO+PUCAYACU,HUANUCO,LEONCIO PRADO,X,-8.7492,-76.1253,14.285714285714292,85.71428571428571,28.716001301217947,71.28399869878206,70.03323242660845,553.2115225688121,70.7,29.299999999999997,23.72049,76.27951,25.280673475485994,43.0125,-1.7547358328738862,-1.4601310092905513,1.764039978878601,Q3,significativo,3 coldSpot
1813,PUEBLO NUEVO,POINT (-76.0714 -9.0089),LEONCIO PRADO+PUEBLO NUEVO,HUANUCO,LEONCIO PRADO,X,-9.0089,-76.0714,34.61538461538461,65.38461538461539,51.97959729207806,48.02040270792194,72.18805630075194,694.6457382215672,56.8,43.2,18.991424000000002,81.008576,32.40132731553573,47.4375,-0.995054809999583,-1.1250647459671108,0.7596859429409659,Q3,significativo,3 coldSpot
1815,ROBLE,POINT (-74.49 -12.2169),TAYACAJA+ROBLE,HUANCAVELICA,TAYACAJA,ZG,-12.2169,-74.49,2.631578947368425,97.36842105263158,45.26061014720086,54.73938985279914,60.35163835880974,682.0626894219969,50.0,50.0,53.72067200000001,46.27932799999999,31.767820534021315,44.675,-0.6234122952121544,-1.3342445318272251,0.5700738725395431,Q3,significativo,3 coldSpot
1823,MEGANTONI,POINT (-72.0425 -13.4969),LA CONVENCION+MEGANTONI,CUSCO,LA CONVENCION,X,-13.4969,-72.0425,3.448275862068968,96.55172413793103,51.07437987895108,48.92562012104892,76.1919279040275,1158.5532505708957,47.1,52.9,33.569166,66.430834,55.75723729808474,48.05,-0.46491769331751576,-1.0786855174279908,0.33938352427459473,Q3,significativo,3 coldSpot
